chunk_id,year,country,type,xmin,xmax,ymin,ymax,color
1,2018,AL,Renewable,0,0.002269608094610809,0,0.33245066381395816,#187077
1,2018,AL,Nuclear,0,0.002269608094610809,0.33245066381395816,0.33245066381395816,#e7d1c5
1,2018,AL,Conventional thermal,0,0.002269608094610809,0.33245066381395816,0.33245066381395816,#c04335
1,2018,NO,Renewable,0.002269608094610809,0.04196047906047305,0,0.324805294586182,#187077
1,2018,NO,Nuclear,0.002269608094610809,0.04196047906047305,0.324805294586182,0.324805294586182,#e7d1c5
1,2018,NO,Conventional thermal,0.002269608094610809,0.04196047906047305,0.324805294586182,0.33245066381395816,#c04335
1,2018,LU,Renewable,0.04196047906047305,0.04285876530001734,0,0.2871979549054984,#187077
1,2018,LU,Nuclear,0.04196047906047305,0.04285876530001734,0.2871979549054984,0.2871979549054984,#e7d1c5
1,2018,LU,Conventional thermal,0.04196047906047305,0.04285876530001734,0.2871979549054984,0.33245066381395816,#c04335
1,2018,GE,Renewable,0.04285876530001734,0.04606614586638874,0,0.2745752527677344,#187077
1,2018,GE,Nuclear,0.04285876530001734,0.04606614586638874,0.2745752527677344,0.2745752527677344,#e7d1c5
1,2018,GE,Conventional thermal,0.04285876530001734,0.04606614586638874,0.2745752527677344,0.33245066381395816,#c04335
1,2018,AT,Renewable,0.04606614586638874,0.06691940907289601,0,0.2636300884563283,#187077
1,2018,AT,Nuclear,0.04606614586638874,0.06691940907289601,0.2636300884563283,0.2636300884563283,#e7d1c5
1,2018,AT,Conventional thermal,0.04606614586638874,0.06691940907289601,0.2636300884563283,0.33245066381395816,#c04335
1,2018,LT,Renewable,0.06691940907289601,0.06789541133315351,0,0.2602518581285009,#187077
1,2018,LT,Nuclear,0.06691940907289601,0.06789541133315351,0.2602518581285009,0.2602518581285009,#e7d1c5
1,2018,LT,Conventional thermal,0.06691940907289601,0.06789541133315351,0.2602518581285009,0.33245066381395816,#c04335
1,2018,HR,Renewable,0.06789541133315351,0.07154950767246869,0,0.2326315000594301,#187077
1,2018,HR,Nuclear,0.06789541133315351,0.07154950767246869,0.2326315000594301,0.2326315000594301,#e7d1c5
1,2018,HR,Conventional thermal,0.06789541133315351,0.07154950767246869,0.2326315000594301,0.33245066381395816,#c04335
1,2018,ME,Renewable,0.07154950767246869,0.07253771293443968,0,0.2041955853882687,#187077
1,2018,ME,Nuclear,0.07154950767246869,0.07253771293443968,0.2041955853882687,0.2041955853882687,#e7d1c5
1,2018,ME,Conventional thermal,0.07154950767246869,0.07253771293443968,0.2041955853882687,0.33245066381395816,#c04335
1,2018,SE,Renewable,0.07253771293443968,0.1143277565528378,0,0.16301691710127986,#187077
1,2018,SE,Nuclear,0.07253771293443968,0.1143277565528378,0.16301691710127986,0.3012192047033814,#e7d1c5
1,2018,SE,Conventional thermal,0.07253771293443968,0.1143277565528378,0.3012192047033814,0.33245066381395816,#c04335
1,2018,DK,Renewable,0.1143277565528378,0.12196808784496889,0,0.17078842983472942,#187077
1,2018,DK,Nuclear,0.1143277565528378,0.12196808784496889,0.17078842983472942,0.17078842983472942,#e7d1c5
1,2018,DK,Conventional thermal,0.1143277565528378,0.12196808784496889,0.17078842983472942,0.33245066381395816,#c04335
1,2018,LV,Renewable,0.12196808784496889,0.12368418033837295,0,0.1298091976553578,#187077
1,2018,LV,Nuclear,0.12196808784496889,0.12368418033837295,0.1298091976553578,0.1298091976553578,#e7d1c5
1,2018,LV,Conventional thermal,0.12196808784496889,0.12368418033837295,0.1298091976553578,0.33245066381395816,#c04335
1,2018,PT,Renewable,0.12368418033837295,0.13984317127049534,0,0.164679997149115,#187077
1,2018,PT,Nuclear,0.12368418033837295,0.13984317127049534,0.164679997149115,0.164679997149115,#e7d1c5
1,2018,PT,Conventional thermal,0.12368418033837295,0.13984317127049534,0.164679997149115,0.33245066381395816,#c04335
1,2018,RO,Renewable,0.13984317127049534,0.15534661487013737,0,0.1453176601406062,#187077
1,2018,RO,Nuclear,0.13984317127049534,0.15534661487013737,0.1453176601406062,0.20444000410384255,#e7d1c5
1,2018,RO,Conventional thermal,0.13984317127049534,0.15534661487013737,0.20444000410384255,0.33245066381395816,#c04335
1,2018,ES,Renewable,0.15534661487013737,0.22480363789853833,0,0.12602156948036614,#187077
1,2018,ES,Nuclear,0.15534661487013737,0.22480363789853833,0.12602156948036614,0.19333900965889256,#e7d1c5
1,2018,ES,Conventional thermal,0.15534661487013737,0.22480363789853833,0.19333900965889256,0.3324506638139581,#c04335
1,2018,BA,Renewable,0.22480363789853833,0.22678438538423246,0,0.1550456860870838,#187077
1,2018,BA,Nuclear,0.22480363789853833,0.22678438538423246,0.1550456860870838,0.1550456860870838,#e7d1c5
1,2018,BA,Conventional thermal,0.22480363789853833,0.22678438538423246,0.1550456860870838,0.33245066381395816,#c04335
1,2018,MK,Renewable,0.22678438538423246,0.22815824573611806,0,0.12104156351831241,#187077
1,2018,MK,Nuclear,0.22678438538423246,0.22815824573611806,0.12104156351831241,0.12104156351831241,#e7d1c5
1,2018,MK,Conventional thermal,0.22678438538423246,0.22815824573611806,0.12104156351831241,0.33245066381395816,#c04335
1,2018,RS,Renewable,0.22815824573611806,0.23776546851913732,0,0.11661155907944278,#187077
1,2018,RS,Nuclear,0.22815824573611806,0.23776546851913732,0.11661155907944278,0.11661155907944278,#e7d1c5
1,2018,RS,Conventional thermal,0.22815824573611806,0.23776546851913732,0.11661155907944278,0.3324506638139581,#c04335
1,2018,IT,Renewable,0.23776546851913732,0.312182103403111,0,0.11419565776101918,#187077
1,2018,IT,Nuclear,0.23776546851913732,0.312182103403111,0.11419565776101918,0.11419565776101918,#e7d1c5
1,2018,IT,Conventional thermal,0.23776546851913732,0.312182103403111,0.11419565776101918,0.33245066381395816,#c04335
1,2018,SI,Renewable,0.312182103403111,0.31626697724033387,0,0.11343417708398064,#187077
1,2018,SI,Nuclear,0.312182103403111,0.31626697724033387,0.11343417708398064,0.2313958166013407,#e7d1c5
1,2018,SI,Conventional thermal,0.312182103403111,0.31626697724033387,0.2313958166013407,0.33245066381395816,#c04335
1,2018,TR,Renewable,0.31626697724033387,0.3926416942523915,0,0.10817540202011515,#187077
1,2018,TR,Nuclear,0.31626697724033387,0.3926416942523915,0.10817540202011515,0.10817540202011515,#e7d1c5
1,2018,TR,Conventional thermal,0.31626697724033387,0.3926416942523915,0.10817540202011515,0.33245066381395816,#c04335
1,2018,EL,Renewable,0.3926416942523915,0.4061975178158321,0,0.10710543976559556,#187077
1,2018,EL,Nuclear,0.3926416942523915,0.4061975178158321,0.10710543976559556,0.10710543976559556,#e7d1c5
1,2018,EL,Conventional thermal,0.3926416942523915,0.4061975178158321,0.10710543976559556,0.33245066381395816,#c04335
1,2018,FI,Renewable,0.4061975178158321,0.4239983271741586,0,0.09422048635178977,#187077
1,2018,FI,Nuclear,0.4061975178158321,0.4239983271741586,0.09422048635178977,0.20215505293870617,#e7d1c5
1,2018,FI,Conventional thermal,0.4061975178158321,0.4239983271741586,0.20215505293870617,0.33245066381395816,#c04335
1,2018,IE,Renewable,0.4239983271741586,0.43177877926647573,0,0.10723868778922133,#187077
1,2018,IE,Nuclear,0.4239983271741586,0.43177877926647573,0.10723868778922133,0.10723868778922133,#e7d1c5
1,2018,IE,Conventional thermal,0.4239983271741586,0.43177877926647573,0.10723868778922133,0.33245066381395816,#c04335
1,2018,DE,Renewable,0.43177877926647573,0.5845006607655737,0,0.10675289690617805,#187077
1,2018,DE,Nuclear,0.43177877926647573,0.5845006607655737,0.10675289690617805,0.14828999615054636,#e7d1c5
1,2018,DE,Conventional thermal,0.43177877926647573,0.5845006607655737,0.14828999615054636,0.33245066381395816,#c04335
1,2018,UK,Renewable,0.5845006607655737,0.6689566017448547,0,0.08309506166357726,#187077
1,2018,UK,Nuclear,0.5845006607655737,0.6689566017448547,0.08309506166357726,0.14451300974134684,#e7d1c5
1,2018,UK,Conventional thermal,0.5845006607655737,0.6689566017448547,0.14451300974134684,0.33245066381395816,#c04335
1,2018,SK,Renewable,0.6689566017448547,0.6752955834012596,0,0.06614397422071129,#187077
1,2018,SK,Nuclear,0.6689566017448547,0.6752955834012596,0.06614397422071129,0.25732041384084126,#e7d1c5
1,2018,SK,Conventional thermal,0.6689566017448547,0.6752955834012596,0.25732041384084126,0.33245066381395816,#c04335
1,2018,FR,Renewable,0.6752955834012596,0.823346280934379,0,0.06738213500740016,#187077
1,2018,FR,Nuclear,0.6752955834012596,0.823346280934379,0.06738213500740016,0.3004626430611822,#e7d1c5
1,2018,FR,Conventional thermal,0.6752955834012596,0.823346280934379,0.3004626430611822,0.33245066381395816,#c04335
1,2018,BG,Renewable,0.823346280934379,0.8346175764310568,0,0.06282703915607173,#187077
1,2018,BG,Nuclear,0.823346280934379,0.8346175764310568,0.06282703915607173,0.18189315575204804,#e7d1c5
1,2018,BG,Conventional thermal,0.823346280934379,0.8346175764310568,0.18189315575204804,0.33245066381395816,#c04335
1,2018,BE,Renewable,0.8346175764310568,0.8531501965362849,0,0.06207690100502984,#187077
1,2018,BE,Nuclear,0.8346175764310568,0.8531501965362849,0.06207690100502984,0.18992996813636057,#e7d1c5
1,2018,BE,Conventional thermal,0.8346175764310568,0.8531501965362849,0.18992996813636057,0.33245066381395816,#c04335
1,2018,NL,Renewable,0.8531501965362849,0.8828653600586596,0,0.04368032457357462,#187077
1,2018,NL,Nuclear,0.8531501965362849,0.8828653600586596,0.04368032457357462,0.05346725456496422,#e7d1c5
1,2018,NL,Conventional thermal,0.8531501965362849,0.8828653600586596,0.05346725456496422,0.33245066381395816,#c04335
1,2018,PL,Renewable,0.8828653600586596,0.9236552575795034,0,0.03344214329799397,#187077
1,2018,PL,Nuclear,0.8828653600586596,0.9236552575795034,0.03344214329799397,0.03344214329799397,#e7d1c5
1,2018,PL,Conventional thermal,0.8828653600586596,0.9236552575795034,0.03344214329799397,0.33245066381395816,#c04335
1,2018,CZ,Renewable,0.9236552575795034,0.945569744727519,0,0.026861257786141273,#187077
1,2018,CZ,Nuclear,0.9236552575795034,0.945569744727519,0.026861257786141273,0.14002961470097497,#e7d1c5
1,2018,CZ,Conventional thermal,0.9236552575795034,0.945569744727519,0.14002961470097497,0.3324506638139581,#c04335
1,2018,UA,Renewable,0.945569744727519,0.987567148290137,0,0.028932805763246666,#187077
1,2018,UA,Nuclear,0.945569744727519,0.987567148290137,0.028932805763246666,0.2053186542254514,#e7d1c5
1,2018,UA,Conventional thermal,0.945569744727519,0.987567148290137,0.2053186542254514,0.33245066381395816,#c04335
1,2018,CY,Renewable,0.987567148290137,0.9888320629061003,0,0.02851503170764777,#187077
1,2018,CY,Nuclear,0.987567148290137,0.9888320629061003,0.02851503170764777,0.02851503170764777,#e7d1c5
1,2018,CY,Conventional thermal,0.987567148290137,0.9888320629061003,0.02851503170764777,0.33245066381395816,#c04335
1,2018,MT,Renewable,0.9888320629061003,0.9892852406913315,0,0,#187077
1,2018,MT,Nuclear,0.9888320629061003,0.9892852406913315,0,0,#e7d1c5
1,2018,MT,Conventional thermal,0.9888320629061003,0.9892852406913315,0,0.33245066381395816,#c04335
1,2018,EE,Renewable,0.9892852406913315,0.9921456086105263,0,0.020378214117983275,#187077
1,2018,EE,Nuclear,0.9892852406913315,0.9921456086105263,0.020378214117983275,0.020378214117983275,#e7d1c5
1,2018,EE,Conventional thermal,0.9892852406913315,0.9921456086105263,0.020378214117983275,0.3324506638139581,#c04335
1,2018,HU,Renewable,0.9921456086105263,1,0,0.015707078233460264,#187077
1,2018,HU,Nuclear,0.9921456086105263,1,0.015707078233460264,0.18170581196383878,#e7d1c5
1,2018,HU,Conventional thermal,0.9921456086105263,1,0.18170581196383878,0.33245066381395816,#c04335
1,2017,AL,Renewable,0,0.0011769300142202273,0.33245066381395816,0.6678828378607382,#1c8087
1,2017,AL,Nuclear,0,0.0011769300142202273,0.6678828378607382,0.6678828378607382,#edddd4
1,2017,AL,Conventional thermal,0,0.0011769300142202273,0.6678828378607382,0.6678828378607382,#ca4d3f
1,2017,NO,Renewable,0.0011769300142202273,0.0403744632121044,0.33245066381395816,0.6606434556305949,#1c8087
1,2017,NO,Nuclear,0.0011769300142202273,0.0403744632121044,0.6606434556305949,0.6606434556305949,#edddd4
1,2017,NO,Conventional thermal,0.0011769300142202273,0.0403744632121044,0.6606434556305949,0.6678828378607382,#ca4d3f
1,2017,LU,Renewable,0.0403744632121044,0.041299231823282295,0.33245066381395816,0.6251565546916364,#1c8087
1,2017,LU,Nuclear,0.0403744632121044,0.041299231823282295,0.6251565546916364,0.6251565546916364,#edddd4
1,2017,LU,Conventional thermal,0.0403744632121044,0.041299231823282295,0.6251565546916364,0.6678828378607382,#ca4d3f
1,2017,GE,Renewable,0.041299231823282295,0.04426020917400305,0.33245066381395816,0.6047051047313172,#1c8087
1,2017,GE,Nuclear,0.041299231823282295,0.04426020917400305,0.6047051047313172,0.6047051047313172,#edddd4
1,2017,GE,Conventional thermal,0.041299231823282295,0.04426020917400305,0.6047051047313172,0.6678828378607382,#ca4d3f
1,2017,AT,Renewable,0.04426020917400305,0.06293647032416905,0.33245066381395816,0.5732516084236158,#1c8087
1,2017,AT,Nuclear,0.04426020917400305,0.06293647032416905,0.5732516084236158,0.5732516084236158,#edddd4
1,2017,AT,Conventional thermal,0.04426020917400305,0.06293647032416905,0.5732516084236158,0.6678828378607382,#ca4d3f
1,2017,LT,Renewable,0.06293647032416905,0.06413061622969488,0.33245066381395816,0.5822313538532193,#1c8087
1,2017,LT,Nuclear,0.06293647032416905,0.06413061622969488,0.5822313538532193,0.5822313538532193,#edddd4
1,2017,LT,Conventional thermal,0.06293647032416905,0.06413061622969488,0.5822313538532193,0.6678828378607382,#ca4d3f
1,2017,HR,Renewable,0.06413061622969488,0.06719819692906828,0.33245066381395816,0.5303130708332271,#1c8087
1,2017,HR,Nuclear,0.06413061622969488,0.06719819692906828,0.5303130708332271,0.5303130708332271,#edddd4
1,2017,HR,Conventional thermal,0.06413061622969488,0.06719819692906828,0.5303130708332271,0.6678828378607382,#ca4d3f
1,2017,ME,Renewable,0.06719819692906828,0.06781672661867341,0.33245066381395816,0.4883745460555191,#1c8087
1,2017,ME,Nuclear,0.06719819692906828,0.06781672661867341,0.4883745460555191,0.4883745460555191,#edddd4
1,2017,ME,Conventional thermal,0.06719819692906828,0.06781672661867341,0.4883745460555191,0.6678828378607382,#ca4d3f
1,2017,SE,Renewable,0.06781672661867341,0.10982770901811201,0.33245066381395816,0.5048978715287729,#1c8087
1,2017,SE,Nuclear,0.06781672661867341,0.10982770901811201,0.5048978715287729,0.6365377269164038,#edddd4
1,2017,SE,Conventional thermal,0.06781672661867341,0.10982770901811201,0.6365377269164038,0.6678828378607382,#ca4d3f
1,2017,DK,Renewable,0.10982770901811201,0.11758711451904659,0.33245066381395816,0.508339590123593,#1c8087
1,2017,DK,Nuclear,0.10982770901811201,0.11758711451904659,0.508339590123593,0.508339590123593,#edddd4
1,2017,DK,Conventional thermal,0.10982770901811201,0.11758711451904659,0.508339590123593,0.6678828378607382,#ca4d3f
1,2017,LV,Renewable,0.11758711451904659,0.11942529196924956,0.33245066381395816,0.5475362872580078,#1c8087
1,2017,LV,Nuclear,0.11758711451904659,0.11942529196924956,0.5475362872580078,0.5475362872580078,#edddd4
1,2017,LV,Conventional thermal,0.11758711451904659,0.11942529196924956,0.5475362872580078,0.6678828378607382,#ca4d3f
1,2017,PT,Renewable,0.11942529196924956,0.13496021017713167,0.33245066381395816,0.45950082340704257,#1c8087
1,2017,PT,Nuclear,0.11942529196924956,0.13496021017713167,0.45950082340704257,0.45950082340704257,#edddd4
1,2017,PT,Conventional thermal,0.11942529196924956,0.13496021017713167,0.45950082340704257,0.6678828378607382,#ca4d3f
1,2017,RO,Renewable,0.13496021017713167,0.15058521998966376,0.33245066381395816,0.46857254043512037,#1c8087
1,2017,RO,Nuclear,0.13496021017713167,0.15058521998966376,0.46857254043512037,0.5278803701180148,#edddd4
1,2017,RO,Conventional thermal,0.13496021017713167,0.15058521998966376,0.5278803701180148,0.6678828378607382,#ca4d3f
1,2017,ES,Renewable,0.15058521998966376,0.22049414696433728,0.33245066381395816,0.4388455153228355,#1c8087
1,2017,ES,Nuclear,0.15058521998966376,0.22049414696433728,0.4388455153228355,0.508576818015751,#edddd4
1,2017,ES,Conventional thermal,0.15058521998966376,0.22049414696433728,0.508576818015751,0.6678828378607382,#ca4d3f
1,2017,BA,Renewable,0.22049414696433728,0.22453324684112244,0.33245066381395816,0.4234145845550712,#1c8087
1,2017,BA,Nuclear,0.22049414696433728,0.22453324684112244,0.4234145845550712,0.4234145845550712,#edddd4
1,2017,BA,Conventional thermal,0.22049414696433728,0.22453324684112244,0.4234145845550712,0.6678828378607382,#ca4d3f
1,2017,MK,Renewable,0.22453324684112244,0.22590094765593668,0.33245066381395816,0.4108243266400833,#1c8087
1,2017,MK,Nuclear,0.22453324684112244,0.22590094765593668,0.4108243266400833,0.4108243266400833,#edddd4
1,2017,MK,Conventional thermal,0.22453324684112244,0.22590094765593668,0.4108243266400833,0.6678828378607382,#ca4d3f
1,2017,RS,Renewable,0.22590094765593668,0.23503243350100902,0.33245066381395816,0.43174593988524407,#1c8087
1,2017,RS,Nuclear,0.22590094765593668,0.23503243350100902,0.43174593988524407,0.43174593988524407,#edddd4
1,2017,RS,Conventional thermal,0.22590094765593668,0.23503243350100902,0.43174593988524407,0.6678828378607382,#ca4d3f
1,2017,IT,Renewable,0.23503243350100902,0.3101549835488163,0.33245066381395816,0.4345310731393378,#1c8087
1,2017,IT,Nuclear,0.23503243350100902,0.3101549835488163,0.4345310731393378,0.4345310731393378,#edddd4
1,2017,IT,Conventional thermal,0.23503243350100902,0.3101549835488163,0.4345310731393378,0.6678828378607382,#ca4d3f
1,2017,SI,Renewable,0.3101549835488163,0.314254888154467,0.33245066381395816,0.4319113152784403,#1c8087
1,2017,SI,Nuclear,0.3101549835488163,0.314254888154467,0.4319113152784403,0.5596719358090119,#edddd4
1,2017,SI,Conventional thermal,0.3101549835488163,0.314254888154467,0.5596719358090119,0.6678828378607382,#ca4d3f
1,2017,TR,Renewable,0.314254888154467,0.3886358488935286,0.33245066381395816,0.43198314882814914,#1c8087
1,2017,TR,Nuclear,0.314254888154467,0.3886358488935286,0.43198314882814914,0.43198314882814914,#edddd4
1,2017,TR,Conventional thermal,0.314254888154467,0.3886358488935286,0.43198314882814914,0.6678828378607382,#ca4d3f
1,2017,EL,Renewable,0.3886358488935286,0.40189361961719655,0.33245066381395816,0.4227841474535756,#1c8087
1,2017,EL,Nuclear,0.3886358488935286,0.40189361961719655,0.4227841474535756,0.4227841474535756,#edddd4
1,2017,EL,Conventional thermal,0.3886358488935286,0.40189361961719655,0.4227841474535756,0.6678828378607382,#ca4d3f
1,2017,FI,Renewable,0.40189361961719655,0.4189119519433402,0.33245066381395816,0.43448108755342507,#1c8087
1,2017,FI,Nuclear,0.40189361961719655,0.4189119519433402,0.43448108755342507,0.5457485576921937,#edddd4
1,2017,FI,Conventional thermal,0.40189361961719655,0.4189119519433402,0.5457485576921937,0.6678828378607382,#ca4d3f
1,2017,IE,Renewable,0.4189119519433402,0.42683737920725895,0.33245066381395816,0.42705617476438396,#1c8087
1,2017,IE,Nuclear,0.4189119519433402,0.42683737920725895,0.42705617476438396,0.42705617476438396,#edddd4
1,2017,IE,Conventional thermal,0.4189119519433402,0.42683737920725895,0.42705617476438396,0.6678828378607382,#ca4d3f
1,2017,DE,Renewable,0.42683737920725895,0.5903714690553118,0.33245066381395816,0.4272812379762436,#1c8087
1,2017,DE,Nuclear,0.42683737920725895,0.5903714690553118,0.4272812379762436,0.46600813245956263,#edddd4
1,2017,DE,Conventional thermal,0.42683737920725895,0.5903714690553118,0.46600813245956263,0.6678828378607382,#ca4d3f
1,2017,UK,Renewable,0.5903714690553118,0.6757528887403678,0.33245066381395816,0.4076114818450466,#1c8087
1,2017,UK,Nuclear,0.5903714690553118,0.6757528887403678,0.4076114818450466,0.47328687948916315,#edddd4
1,2017,UK,Conventional thermal,0.5903714690553118,0.6757528887403678,0.47328687948916315,0.6678828378607382,#ca4d3f
1,2017,SK,Renewable,0.6757528887403678,0.6825538893167816,0.33245066381395816,0.4041805712185214,#1c8087
1,2017,SK,Nuclear,0.6757528887403678,0.6825538893167816,0.4041805712185214,0.5850669300134762,#edddd4
1,2017,SK,Conventional thermal,0.6757528887403678,0.6825538893167816,0.5850669300134762,0.6678828378607382,#ca4d3f
1,2017,FR,Renewable,0.6825538893167816,0.8245341108149481,0.33245066381395816,0.39092026139553193,#1c8087
1,2017,FR,Nuclear,0.6825538893167816,0.8245341108149481,0.39092026139553193,0.6252748974857474,#edddd4
1,2017,FR,Conventional thermal,0.6825538893167816,0.8245341108149481,0.6252748974857474,0.6678828378607382,#ca4d3f
1,2017,BG,Renewable,0.8245341108149481,0.8355123759066895,0.33245066381395816,0.38843546757139114,#1c8087
1,2017,BG,Nuclear,0.8245341108149481,0.8355123759066895,0.38843546757139114,0.5061094586064692,#edddd4
1,2017,BG,Conventional thermal,0.8245341108149481,0.8355123759066895,0.5061094586064692,0.6678828378607382,#ca4d3f
1,2017,BE,Renewable,0.8355123759066895,0.8575033593295202,0.33245066381395816,0.3827293490726107,#1c8087
1,2017,BE,Nuclear,0.8355123759066895,0.8575033593295202,0.3827293490726107,0.5428925775203481,#edddd4
1,2017,BE,Conventional thermal,0.8355123759066895,0.8575033593295202,0.5428925775203481,0.6678828378607382,#ca4d3f
1,2017,NL,Renewable,0.8575033593295202,0.8871934736628205,0.33245066381395816,0.37075127146657505,#1c8087
1,2017,NL,Nuclear,0.8575033593295202,0.8871934736628205,0.37075127146657505,0.3804408993859115,#edddd4
1,2017,NL,Conventional thermal,0.8575033593295202,0.8871934736628205,0.3804408993859115,0.6678828378607382,#ca4d3f
1,2017,PL,Renewable,0.8871934736628205,0.9278350287651316,0.33245066381395816,0.371863139582692,#1c8087
1,2017,PL,Nuclear,0.8871934736628205,0.9278350287651316,0.371863139582692,0.371863139582692,#edddd4
1,2017,PL,Conventional thermal,0.8871934736628205,0.9278350287651316,0.371863139582692,0.6678828378607382,#ca4d3f
1,2017,CZ,Renewable,0.9278350287651316,0.9490408939635194,0.33245066381395816,0.36146124717458544,#1c8087
1,2017,CZ,Nuclear,0.9278350287651316,0.9490408939635194,0.36146124717458544,0.4723276411926476,#edddd4
1,2017,CZ,Conventional thermal,0.9278350287651316,0.9490408939635194,0.4723276411926476,0.6678828378607382,#ca4d3f
1,2017,UA,Renewable,0.9490408939635194,0.9873659753079975,0.33245066381395816,0.3602251682270986,#1c8087
1,2017,UA,Nuclear,0.9490408939635194,0.9873659753079975,0.3602251682270986,0.5441166359704637,#edddd4
1,2017,UA,Conventional thermal,0.9490408939635194,0.9873659753079975,0.5441166359704637,0.6678828378607382,#ca4d3f
1,2017,CY,Renewable,0.9873659753079975,0.9886162959972463,0.33245066381395816,0.35936937868461294,#1c8087
1,2017,CY,Nuclear,0.9873659753079975,0.9886162959972463,0.35936937868461294,0.35936937868461294,#edddd4
1,2017,CY,Conventional thermal,0.9873659753079975,0.9886162959972463,0.35936937868461294,0.6678828378607382,#ca4d3f
1,2017,MT,Renewable,0.9886162959972463,0.98903351413345,0.33245066381395816,0.36512232418652785,#1c8087
1,2017,MT,Nuclear,0.9886162959972463,0.98903351413345,0.36512232418652785,0.36512232418652785,#edddd4
1,2017,MT,Conventional thermal,0.9886162959972463,0.98903351413345,0.36512232418652785,0.6678828378607382,#ca4d3f
1,2017,EE,Renewable,0.98903351413345,0.991973087080833,0.33245066381395816,0.35481479932766996,#1c8087
1,2017,EE,Nuclear,0.98903351413345,0.991973087080833,0.35481479932766996,0.35481479932766996,#edddd4
1,2017,EE,Conventional thermal,0.98903351413345,0.991973087080833,0.35481479932766996,0.6678828378607382,#ca4d3f
1,2017,HU,Renewable,0.991973087080833,1,0.33245066381395816,0.3474749110150364,#1c8087
1,2017,HU,Nuclear,0.991973087080833,1,0.3474749110150364,0.5137476205780608,#edddd4
1,2017,HU,Conventional thermal,0.991973087080833,1,0.5137476205780608,0.6678828378607382,#ca4d3f
1,2016,AL,Renewable,0,0.0018858974030146478,0.6678828378607382,1,#1f9098
1,2016,AL,Nuclear,0,0.0018858974030146478,1,1,#f3e8e2
1,2016,AL,Conventional thermal,0,0.0018858974030146478,1,1,#cf5c4f
1,2016,NO,Renewable,0.0018858974030146478,0.04154524152868675,0.6678828378607382,0.9928913922887842,#1f9098
1,2016,NO,Nuclear,0.0018858974030146478,0.04154524152868675,0.9928913922887842,0.9928913922887842,#f3e8e2
1,2016,NO,Conventional thermal,0.0018858974030146478,0.04154524152868675,0.9928913922887842,1,#cf5c4f
1,2016,LU,Renewable,0.04154524152868675,0.042489341695298465,0.6678828378607382,0.9582046475534289,#1f9098
1,2016,LU,Nuclear,0.04154524152868675,0.042489341695298465,0.9582046475534289,0.9582046475534289,#f3e8e2
1,2016,LU,Conventional thermal,0.04154524152868675,0.042489341695298465,0.9582046475534289,1,#cf5c4f
1,2016,GE,Renewable,0.042489341695298465,0.04549287644659632,0.6678828378607382,0.9376093144595403,#1f9098
1,2016,GE,Nuclear,0.042489341695298465,0.04549287644659632,0.9376093144595403,0.9376093144595403,#f3e8e2
1,2016,GE,Conventional thermal,0.042489341695298465,0.04549287644659632,0.9376093144595403,1,#cf5c4f
1,2016,AT,Renewable,0.04549287644659632,0.06339640955489591,0.6678828378607382,0.911436656893399,#1f9098
1,2016,AT,Nuclear,0.04549287644659632,0.06339640955489591,0.911436656893399,0.911436656893399,#f3e8e2
1,2016,AT,Conventional thermal,0.04549287644659632,0.06339640955489591,0.911436656893399,1,#cf5c4f
1,2016,LT,Renewable,0.06339640955489591,0.06461949436167166,0.6678828378607382,0.8876198193798436,#1f9098
1,2016,LT,Nuclear,0.06339640955489591,0.06461949436167166,0.8876198193798436,0.8876198193798436,#f3e8e2
1,2016,LT,Conventional thermal,0.06339640955489591,0.06461949436167166,0.8876198193798436,1,#cf5c4f
1,2016,HR,Renewable,0.06461949436167166,0.0679200790962919,0.6678828378607382,0.8872200428671143,#1f9098
1,2016,HR,Nuclear,0.06461949436167166,0.0679200790962919,0.8872200428671143,0.8872200428671143,#f3e8e2
1,2016,HR,Conventional thermal,0.06461949436167166,0.0679200790962919,0.8872200428671143,1,#cf5c4f
1,2016,ME,Renewable,0.0679200790962919,0.06871899555499611,0.6678828378607382,0.8664060637904921,#1f9098
1,2016,ME,Nuclear,0.0679200790962919,0.06871899555499611,0.8664060637904921,0.8664060637904921,#f3e8e2
1,2016,ME,Conventional thermal,0.0679200790962919,0.06871899555499611,0.8664060637904921,1,#cf5c4f
1,2016,SE,Renewable,0.06871899555499611,0.10906123750709616,0.6678828378607382,0.836508718316706,#1f9098
1,2016,SE,Nuclear,0.06871899555499611,0.10906123750709616,0.836508718316706,0.9681894200613289,#f3e8e2
1,2016,SE,Conventional thermal,0.06871899555499611,0.10906123750709616,0.9681894200613289,1,#cf5c4f
1,2016,DK,Renewable,0.10906123750709616,0.11674593431817192,0.6678828378607382,0.8225862360168421,#1f9098
1,2016,DK,Nuclear,0.10906123750709616,0.11674593431817192,0.8225862360168421,0.8225862360168421,#f3e8e2
1,2016,DK,Conventional thermal,0.10906123750709616,0.11674593431817192,0.8225862360168421,1,#cf5c4f
1,2016,LV,Renewable,0.11674593431817192,0.11831231799357379,0.6678828378607382,0.8163745671789504,#1f9098
1,2016,LV,Nuclear,0.11674593431817192,0.11831231799357379,0.8163745671789504,0.8163745671789504,#f3e8e2
1,2016,LV,Conventional thermal,0.11674593431817192,0.11831231799357379,0.8163745671789504,1,#cf5c4f
1,2016,PT,Renewable,0.11831231799357379,0.13418177782021176,0.6678828378607382,0.8412533551009933,#1f9098
1,2016,PT,Nuclear,0.11831231799357379,0.13418177782021176,0.8412533551009933,0.8412533551009933,#f3e8e2
1,2016,PT,Conventional thermal,0.11831231799357379,0.13418177782021176,0.8412533551009933,1,#cf5c4f
1,2016,RO,Renewable,0.13418177782021176,0.1502401836357077,0.6678828378607382,0.8159672029157721,#1f9098
1,2016,RO,Nuclear,0.13418177782021176,0.1502401836357077,0.8159672029157721,0.8726254736189234,#f3e8e2
1,2016,RO,Conventional thermal,0.13418177782021176,0.1502401836357077,0.8726254736189234,1,#cf5c4f
1,2016,ES,Renewable,0.1502401836357077,0.2210020352678243,0.6678828378607382,0.796192882604547,#1f9098
1,2016,ES,Nuclear,0.1502401836357077,0.2210020352678243,0.796192882604547,0.8657782960662044,#f3e8e2
1,2016,ES,Conventional thermal,0.1502401836357077,0.2210020352678243,0.8657782960662044,1,#cf5c4f
1,2016,BA,Renewable,0.2210020352678243,0.2253914509021671,0.6678828378607382,0.7806215072653476,#1f9098
1,2016,BA,Nuclear,0.2210020352678243,0.2253914509021671,0.7806215072653476,0.7806215072653476,#f3e8e2
1,2016,BA,Conventional thermal,0.2210020352678243,0.2253914509021671,0.7806215072653476,1,#cf5c4f
1,2016,MK,Renewable,0.2253914509021671,0.22678796982166996,0.6678828378607382,0.7937642370139721,#1f9098
1,2016,MK,Nuclear,0.2253914509021671,0.22678796982166996,0.7937642370139721,0.7937642370139721,#f3e8e2
1,2016,MK,Conventional thermal,0.2253914509021671,0.22678796982166996,0.7937642370139721,1,#cf5c4f
1,2016,RS,Renewable,0.22678796982166996,0.23666038901828082,0.6678828378607382,0.7763036750030526,#1f9098
1,2016,RS,Nuclear,0.22678796982166996,0.23666038901828082,0.7763036750030526,0.7763036750030526,#f3e8e2
1,2016,RS,Conventional thermal,0.22678796982166996,0.23666038901828082,0.7763036750030526,1,#cf5c4f
1,2016,IT,Renewable,0.23666038901828082,0.3110623783582135,0.6678828378607382,0.775715076267173,#1f9098
1,2016,IT,Nuclear,0.23666038901828082,0.3110623783582135,0.775715076267173,0.775715076267173,#f3e8e2
1,2016,IT,Conventional thermal,0.23666038901828082,0.3110623783582135,0.775715076267173,1,#cf5c4f
1,2016,SI,Renewable,0.3110623783582135,0.31524433470705093,0.6678828378607382,0.7785325900598148,#1f9098
1,2016,SI,Nuclear,0.3110623783582135,0.31524433470705093,0.7785325900598148,0.892519464906777,#f3e8e2
1,2016,SI,Conventional thermal,0.3110623783582135,0.31524433470705093,0.892519464906777,1,#cf5c4f
1,2016,TR,Renewable,0.31524433470705093,0.38446887339167085,0.6678828378607382,0.7791701147178647,#1f9098
1,2016,TR,Nuclear,0.31524433470705093,0.38446887339167085,0.7791701147178647,0.7791701147178647,#f3e8e2
1,2016,TR,Conventional thermal,0.31524433470705093,0.38446887339167085,0.7791701147178647,1,#cf5c4f
1,2016,EL,Renewable,0.38446887339167085,0.39774864617811745,0.6678828378607382,0.7647968848755643,#1f9098
1,2016,EL,Nuclear,0.38446887339167085,0.39774864617811745,0.7647968848755643,0.7647968848755643,#f3e8e2
1,2016,EL,Conventional thermal,0.38446887339167085,0.39774864617811745,0.7647968848755643,1,#cf5c4f
1,2016,FI,Renewable,0.39774864617811745,0.4152439387901648,0.6678828378607382,0.7630529672532125,#1f9098
1,2016,FI,Nuclear,0.39774864617811745,0.4152439387901648,0.7630529672532125,0.8748289547526498,#f3e8e2
1,2016,FI,Conventional thermal,0.39774864617811745,0.4152439387901648,0.8748289547526498,1,#cf5c4f
1,2016,IE,Renewable,0.4152439387901648,0.4231664827829046,0.6678828378607382,0.7499341648049331,#1f9098
1,2016,IE,Nuclear,0.4152439387901648,0.4231664827829046,0.7499341648049331,0.7499341648049331,#f3e8e2
1,2016,IE,Conventional thermal,0.4152439387901648,0.4231664827829046,0.7499341648049331,1,#cf5c4f
1,2016,DE,Renewable,0.4231664827829046,0.5869155503687081,0.6678828378607382,0.7479777226536284,#1f9098
1,2016,DE,Nuclear,0.4231664827829046,0.5869155503687081,0.7479777226536284,0.7908791687714875,#f3e8e2
1,2016,DE,Conventional thermal,0.4231664827829046,0.5869155503687081,0.7908791687714875,1,#cf5c4f
1,2016,UK,Renewable,0.5869155503687081,0.6733939135924111,0.6678828378607382,0.7276729097080588,#1f9098
1,2016,UK,Nuclear,0.5869155503687081,0.6733939135924111,0.7276729097080588,0.7937963384911934,#f3e8e2
1,2016,UK,Conventional thermal,0.5869155503687081,0.6733939135924111,0.7937963384911934,1,#cf5c4f
1,2016,SK,Renewable,0.6733939135924111,0.6800653813673132,0.6678828378607382,0.739545101454961,#1f9098
1,2016,SK,Nuclear,0.6733939135924111,0.6800653813673132,0.739545101454961,0.92020715463577,#f3e8e2
1,2016,SK,Conventional thermal,0.6733939135924111,0.6800653813673132,0.92020715463577,1,#cf5c4f
1,2016,FR,Renewable,0.6800653813673132,0.8241136257561782,0.6678828378607382,0.7290858827903105,#1f9098
1,2016,FR,Nuclear,0.6800653813673132,0.8241136257561782,0.7290858827903105,0.9630703257689626,#f3e8e2
1,2016,FR,Conventional thermal,0.6800653813673132,0.8241136257561782,0.9630703257689626,1,#cf5c4f
1,2016,BG,Renewable,0.8241136257561782,0.8351710735339435,0.6678828378607382,0.7313772255268939,#1f9098
1,2016,BG,Nuclear,0.8241136257561782,0.8351710735339435,0.7313772255268939,0.8499043159920817,#f3e8e2
1,2016,BG,Conventional thermal,0.8241136257561782,0.8351710735339435,0.8499043159920817,1,#cf5c4f
1,2016,BE,Renewable,0.8351710735339435,0.8572727551222443,0.6678828378607382,0.713441227004127,#1f9098
1,2016,BE,Nuclear,0.8351710735339435,0.8572727551222443,0.713441227004127,0.8779708698049117,#f3e8e2
1,2016,BE,Conventional thermal,0.8351710735339435,0.8572727551222443,0.8779708698049117,1,#cf5c4f
1,2016,NL,Renewable,0.8572727551222443,0.8866162861737529,0.6678828378607382,0.6978258783040269,#1f9098
1,2016,NL,Nuclear,0.8572727551222443,0.8866162861737529,0.6978258783040269,0.7090427934288801,#f3e8e2
1,2016,NL,Conventional thermal,0.8572727551222443,0.8866162861737529,0.7090427934288801,1,#cf5c4f
1,2016,PL,Renewable,0.8866162861737529,0.9269128077992385,0.6678828378607382,0.7017138009722043,#1f9098
1,2016,PL,Nuclear,0.8866162861737529,0.9269128077992385,0.7017138009722043,0.7017138009722043,#f3e8e2
1,2016,PL,Conventional thermal,0.8866162861737529,0.9269128077992385,0.7017138009722043,1,#cf5c4f
1,2016,CZ,Renewable,0.9269128077992385,0.9474166564701308,0.6678828378607382,0.698019268329139,#1f9098
1,2016,CZ,Nuclear,0.9269128077992385,0.9474166564701308,0.698019268329139,0.7953077136779093,#f3e8e2
1,2016,CZ,Conventional thermal,0.9269128077992385,0.9474166564701308,0.7953077136779093,1,#cf5c4f
1,2016,UA,Renewable,0.9474166564701308,0.9879893500107159,0.6678828378607382,0.6942234181437442,#1f9098
1,2016,UA,Nuclear,0.9474166564701308,0.9879893500107159,0.6942234181437442,0.8584864438885644,#f3e8e2
1,2016,UA,Conventional thermal,0.9474166564701308,0.9879893500107159,0.8584864438885644,1,#cf5c4f
1,2016,CY,Renewable,0.9879893500107159,0.9892229103221526,0.6678828378607382,0.694397206598256,#1f9098
1,2016,CY,Nuclear,0.9879893500107159,0.9892229103221526,0.694397206598256,0.694397206598256,#f3e8e2
1,2016,CY,Conventional thermal,0.9879893500107159,0.9892229103221526,0.694397206598256,1,#cf5c4f
1,2016,MT,Renewable,0.9892229103221526,0.9894362260379341,0.6678828378607382,0.7202045811800659,#1f9098
1,2016,MT,Nuclear,0.9892229103221526,0.9894362260379341,0.7202045811800659,0.7202045811800659,#f3e8e2
1,2016,MT,Conventional thermal,0.9892229103221526,0.9894362260379341,0.7202045811800659,1,#cf5c4f
1,2016,EE,Renewable,0.9894362260379341,0.9921910739259702,0.6678828378607382,0.6879232920995713,#1f9098
1,2016,EE,Nuclear,0.9894362260379341,0.9921910739259702,0.6879232920995713,0.6879232920995713,#f3e8e2
1,2016,EE,Conventional thermal,0.9894362260379341,0.9921910739259702,0.6879232920995713,1,#cf5c4f
1,2016,HU,Renewable,0.9921910739259702,1,0.6678828378607382,0.68170793970963806,#1f9098
1,2016,HU,Nuclear,0.9921910739259702,1,0.68170793970963806,0.8521276098177837,#f3e8e2
1,2016,HU,Conventional thermal,0.9921910739259702,1,0.8521276098177837,1,#cf5c4f
2,2018,AL,Renewable,0,0.320753851816464,0,0.0023523730529747197,#187077
2,2018,AL,Nuclear,0.320753851816464,0.5500063795078407,0,0,#e7d1c5
2,2018,AL,Conventional thermal,0.5500063795078407,1,0,0,#c04335
2,2018,NO,Renewable,0,0.320753851816464,0.0023523730529747197,0.042544579517343986,#187077
2,2018,NO,Nuclear,0.320753851816464,0.5500063795078407,0,0,#e7d1c5
2,2018,NO,Conventional thermal,0.5500063795078407,1,0,6.7434592333587e-4,#c04335
2,2018,LU,Renewable,0,0.320753851816464,0.042544579517343986,0.04334889089024214,#187077
2,2018,LU,Nuclear,0.320753851816464,0.5500063795078407,0,0,#e7d1c5
2,2018,LU,Conventional thermal,0.5500063795078407,1,6.7434592333587e-4,7.646802833432713e-4,#c04335
2,2018,GE,Renewable,0,0.320753851816464,0.04334889089024214,0.04609450820628194,#187077
2,2018,GE,Nuclear,0.320753851816464,0.5500063795078407,0,0,#e7d1c5
2,2018,GE,Conventional thermal,0.5500063795078407,1,7.646802833432713e-4,0.001177193839551896,#c04335
2,2018,AT,Renewable,0,0.320753851816464,0.04609450820628194,0.06323396761604863,#187077
2,2018,AT,Nuclear,0.320753851816464,0.5500063795078407,0,0,#e7d1c5
2,2018,AT,Conventional thermal,0.5500063795078407,1,0.001177193839551896,0.004366424767728865,#c04335
2,2018,LT,Renewable,0,0.320753851816464,0.06323396761604863,0.06402587206343459,#187077
2,2018,LT,Nuclear,0.320753851816464,0.5500063795078407,0,0,#e7d1c5
2,2018,LT,Conventional thermal,0.5500063795078407,1,0.004366424767728865,0.00452301853779127,#c04335
2,2018,HR,Renewable,0,0.320753851816464,0.06402587206343459,0.0666760597633253,#187077
2,2018,HR,Nuclear,0.320753851816464,0.5500063795078407,0,0,#e7d1c5
2,2018,HR,Conventional thermal,0.5500063795078407,1,0.00452301853779127,0.005333583008616427,#c04335
2,2018,ME,Renewable,0,0.320753851816464,0.0666760597633253,0.06730516258098186,#187077
2,2018,ME,Nuclear,0.320753851816464,0.5500063795078407,0,0,#e7d1c5
2,2018,ME,Conventional thermal,0.5500063795078407,1,0.005333583008616427,0.005615236653475101,#c04335
2,2018,SE,Renewable,0,0.320753851816464,0.06730516258098186,0.08854414081185716,#187077
2,2018,SE,Nuclear,0.320753851816464,0.5500063795078407,0,0.025192654079824434,#e7d1c5
2,2018,SE,Conventional thermal,0.5500063795078407,1,0.005615236653475101,0.008515642301603532,#c04335
2,2018,DK,Renewable,0,0.320753851816464,0.08854414081185716,0.09261230765509391,#187077
2,2018,DK,Nuclear,0.320753851816464,0.5500063795078407,0.025192654079824434,0.025192654079824434,#e7d1c5
2,2018,DK,Conventional thermal,0.5500063795078407,1,0.008515642301603532,0.011260465714158643,#c04335
2,2018,LV,Renewable,0,0.320753851816464,0.09261230765509391,0.09330681089616062,#187077
2,2018,LV,Nuclear,0.320753851816464,0.5500063795078407,0.025192654079824434,0.025192654079824434,#e7d1c5
2,2018,LV,Conventional thermal,0.5500063795078407,1,0.011260465714158643,0.012033257778514644,#c04335
2,2018,PT,Renewable,0,0.320753851816464,0.09330681089616062,0.10160308720138533,#187077
2,2018,PT,Nuclear,0.320753851816464,0.5500063795078407,0.025192654079824434,0.025192654079824434,#e7d1c5
2,2018,PT,Conventional thermal,0.5500063795078407,1,0.012033257778514644,0.018057798033881585,#c04335
2,2018,RO,Renewable,0,0.320753851816464,0.10160308720138533,0.10862692849047129,#187077
2,2018,RO,Nuclear,0.320753851816464,0.5500063795078407,0.025192654079824434,0.029190864849158293,#e7d1c5
2,2018,RO,Conventional thermal,0.5500063795078407,1,0.018057798033881585,0.022468096208327206,#c04335
2,2018,ES,Renewable,0,0.320753851816464,0.10862692849047129,0.13591602573405343,#187077
2,2018,ES,Nuclear,0.320753851816464,0.5500063795078407,0.029190864849158293,0.04958614266693386,#e7d1c5
2,2018,ES,Conventional thermal,0.5500063795078407,1,0.022468096208327206,0.04394013697992674,#c04335
2,2018,BA,Renewable,0,0.320753851816464,0.13591602573405343,0.13687347753438422,#187077
2,2018,BA,Nuclear,0.320753851816464,0.5500063795078407,0.04958614266693386,0.04958614266693386,#e7d1c5
2,2018,BA,Conventional thermal,0.5500063795078407,1,0.04394013697992674,0.04472102463606243,#c04335
2,2018,MK,Renewable,0,0.320753851816464,0.13687347753438422,0.1373919255720502,#187077
2,2018,MK,Nuclear,0.320753851816464,0.5500063795078407,0.04958614266693386,0.04958614266693386,#e7d1c5
2,2018,MK,Conventional thermal,0.5500063795078407,1,0.04472102463606243,0.0453664706328442,#c04335
2,2018,RS,Renewable,0,0.320753851816464,0.1373919255720502,0.14088467623055975,#187077
2,2018,RS,Nuclear,0.320753851816464,0.5500063795078407,0.04958614266693386,0.04958614266693386,#e7d1c5
2,2018,RS,Conventional thermal,0.5500063795078407,1,0.0453664706328442,0.04997456788143185,#c04335
2,2018,IT,Renewable,0,0.320753851816464,0.14088467623055975,0.16737868876014142,#187077
2,2018,IT,Nuclear,0.320753851816464,0.5500063795078407,0.04958614266693386,0.04958614266693386,#e7d1c5
2,2018,IT,Conventional thermal,0.5500063795078407,1,0.04997456788143185,0.08606797533746936,#c04335
2,2018,SI,Renewable,0,0.320753851816464,0.16737868876014142,0.16882329901062845,#187077
2,2018,SI,Nuclear,0.320753851816464,0.5500063795078407,0.04958614266693386,0.05168801007015425,#e7d1c5
2,2018,SI,Conventional thermal,0.5500063795078407,1,0.08606797533746936,0.08698531345673403,#c04335
2,2018,TR,Renewable,0,0.320753851816464,0.16882329901062845,0.1945809498390254,#187077
2,2018,TR,Nuclear,0.320753851816464,0.5500063795078407,0.05168801007015425,0.05168801007015425,#e7d1c5
2,2018,TR,Conventional thermal,0.5500063795078407,1,0.08698531345673403,0.12505020787362803,#c04335
2,2018,EL,Renewable,0,0.320753851816464,0.1945809498390254,0.19910748143303383,#187077
2,2018,EL,Nuclear,0.320753851816464,0.5500063795078407,0.05168801007015425,0.05168801007015425,#e7d1c5
2,2018,EL,Conventional thermal,0.5500063795078407,1,0.12505020787362803,0.13183861543976774,#c04335
2,2018,FI,Renewable,0,0.320753851816464,0.19910748143303383,0.20433641603724464,#187077
2,2018,FI,Nuclear,0.320753851816464,0.5500063795078407,0.05168801007015425,0.060068823413132154,#e7d1c5
2,2018,FI,Conventional thermal,0.5500063795078407,1,0.13183861543976774,0.13699283813048135,#c04335
2,2018,IE,Renewable,0,0.320753851816464,0.20433641603724464,0.20693768011579547,#187077
2,2018,IE,Nuclear,0.320753851816464,0.5500063795078407,0.060068823413132154,0.060068823413132154,#e7d1c5
2,2018,IE,Conventional thermal,0.5500063795078407,1,0.13699283813048135,0.14088678442278676,#c04335
2,2018,DE,Renewable,0,0.320753851816464,0.20693768011579547,0.2577663862362746,#187077
2,2018,DE,Nuclear,0.320753851816464,0.5500063795078407,0.060068823413132154,0.08773972419881325,#e7d1c5
2,2018,DE,Conventional thermal,0.5500063795078407,1,0.14088678442278676,0.20338847863108592,#c04335
2,2018,UK,Renewable,0,0.320753851816464,0.2577663862362746,0.27964569207714235,#187077
2,2018,UK,Nuclear,0.320753851816464,0.5500063795078407,0.08773972419881325,0.11036591135652965,#e7d1c5
2,2018,UK,Conventional thermal,0.5500063795078407,1,0.20338847863108592,0.2386610929467761,#c04335
2,2018,SK,Renewable,0,0.320753851816464,0.27964569207714235,0.28095287961952836,#187077
2,2018,SK,Nuclear,0.320753851816464,0.5500063795078407,0.11036591135652965,0.11565206438652033,#e7d1c5
2,2018,SK,Conventional thermal,0.5500063795078407,1,0.2386610929467761,0.23971943967600265,#c04335
2,2018,FR,Renewable,0,0.320753851816464,0.28095287961952836,0.3120545235518503,#187077
2,2018,FR,Nuclear,0.320753851816464,0.5500063795078407,0.11565206438652033,0.26617486187205613,#e7d1c5
2,2018,FR,Conventional thermal,0.5500063795078407,1,0.23971943967600265,0.25024369728652784,#c04335
2,2018,BG,Renewable,0,0.320753851816464,0.3120545235518503,0.3142622667153358,#187077
2,2018,BG,Nuclear,0.320753851816464,0.5500063795078407,0.26617486187205613,0.27202879682016634,#e7d1c5
2,2018,BG,Conventional thermal,0.5500063795078407,1,0.25024369728652784,0.25401481333202475,#c04335
2,2018,BE,Renewable,0,0.320753851816464,0.3142622667153358,0.31784896603982077,#187077
2,2018,BE,Nuclear,0.320753851816464,0.5500063795078407,0.27202879682016634,0.282364352751846,#e7d1c5
2,2018,BE,Conventional thermal,0.5500063795078407,1,0.25401481333202475,0.25988441189930434,#c04335
2,2018,NL,Renewable,0,0.320753851816464,0.31784896603982077,0.32189558303308097,#187077
2,2018,NL,Nuclear,0.320753851816464,0.5500063795078407,0.282364352751846,0.2836329111751916,#e7d1c5
2,2018,NL,Conventional thermal,0.5500063795078407,1,0.25988441189930434,0.278306978905469,#c04335
2,2018,PL,Renewable,0,0.320753851816464,0.32189558303308097,0.3261483818390111,#187077
2,2018,PL,Nuclear,0.320753851816464,0.5500063795078407,0.2836329111751916,0.2836329111751916,#e7d1c5
2,2018,PL,Conventional thermal,0.5500063795078407,1,0.278306978905469,0.30541075627983694,#c04335
2,2018,CZ,Renewable,0,0.320753851816464,0.3261483818390111,0.32798359187686515,#187077
2,2018,CZ,Nuclear,0.320753851816464,0.5500063795078407,0.2836329111751916,0.2944507919119782,#e7d1c5
2,2018,CZ,Conventional thermal,0.5500063795078407,1,0.30541075627983694,0.31478157492207065,#c04335
2,2018,UA,Renewable,0,0.320753851816464,0.32798359187686515,0.3317718635155584,#187077
2,2018,UA,Nuclear,0.320753851816464,0.5500063795078407,0.2944507919119782,0.3267634025304942,#e7d1c5
2,2018,UA,Conventional thermal,0.5500063795078407,1,0.31478157492207065,0.3266466638239436,#c04335
2,2018,CY,Renewable,0,0.320753851816464,0.3317718635155584,0.33188431448123623,#187077
2,2018,CY,Nuclear,0.320753851816464,0.5500063795078407,0.3267634025304942,0.3267634025304942,#e7d1c5
2,2018,CY,Conventional thermal,0.5500063795078407,1,0.3266466638239436,0.3275010150988412,#c04335
2,2018,MT,Renewable,0,0.320753851816464,0.33188431448123623,0.33188431448123623,#187077
2,2018,MT,Nuclear,0.320753851816464,0.5500063795078407,0.3267634025304942,0.3267634025304942,#e7d1c5
2,2018,MT,Conventional thermal,0.5500063795078407,1,0.3275010150988412,0.32783581819085195,#c04335
2,2018,EE,Renewable,0,0.320753851816464,0.33188431448123623,0.332066040092896,#187077
2,2018,EE,Nuclear,0.320753851816464,0.5500063795078407,0.3267634025304942,0.3267634025304942,#e7d1c5
2,2018,EE,Conventional thermal,0.5500063795078407,1,0.32783581819085195,0.32981949525409254,#c04335
2,2018,HU,Renewable,0,0.320753851816464,0.332066040092896,0.33245066381395816,#187077
2,2018,HU,Nuclear,0.320753851816464,0.5500063795078407,0.3267634025304942,0.33245066381395816,#e7d1c5
2,2018,HU,Conventional thermal,0.5500063795078407,1,0.32981949525409254,0.33245066381395816,#c04335
2,2017,AL,Renewable,0,0.2921910905101596,0.33245066381395816,0.3338017665894792,#1c8087
2,2017,AL,Nuclear,0.2921910905101596,0.5188503715796046,0.33245066381395816,0.33245066381395816,#edddd4
2,2017,AL,Conventional thermal,0.5188503715796046,1,0.33245066381395816,0.33245066381395816,#ca4d3f
2,2017,NO,Renewable,0,0.2921910905101596,0.3338017665894792,0.37782894014250584,#1c8087
2,2017,NO,Nuclear,0.2921910905101596,0.5188503715796046,0.33245066381395816,0.33245066381395816,#edddd4
2,2017,NO,Conventional thermal,0.5188503715796046,1,0.33245066381395816,0.33304043029934405,#ca4d3f
2,2017,LU,Renewable,0,0.2921910905101596,0.37782894014250584,0.37875533806832185,#1c8087
2,2017,LU,Nuclear,0.2921910905101596,0.5188503715796046,0.33245066381395816,0.33245066381395816,#edddd4
2,2017,LU,Conventional thermal,0.5188503715796046,1,0.33304043029934405,0.33312255012904607,#ca4d3f
2,2017,GE,Renewable,0,0.2921910905101596,0.37875533806832185,0.38151428335916543,#1c8087
2,2017,GE,Nuclear,0.2921910905101596,0.5188503715796046,0.33245066381395816,0.33245066381395816,#edddd4
2,2017,GE,Conventional thermal,0.5188503715796046,1,0.33312255012904607,0.3335113436057868,#ca4d3f
2,2017,AT,Renewable,0,0.2921910905101596,0.38151428335916543,0.39690579074183235,#1c8087
2,2017,AT,Nuclear,0.2921910905101596,0.5188503715796046,0.33245066381395816,0.33245066381395816,#edddd4
2,2017,AT,Conventional thermal,0.5188503715796046,1,0.3335113436057868,0.3371845409845964,#ca4d3f
2,2017,LT,Renewable,0,0.2921910905101596,0.39690579074183235,0.39792661101314525,#1c8087
2,2017,LT,Nuclear,0.2921910905101596,0.5188503715796046,0.33245066381395816,0.33245066381395816,#edddd4
2,2017,LT,Conventional thermal,0.5188503715796046,1,0.3371845409845964,0.3373971159568884,#ca4d3f
2,2017,HR,Renewable,0,0.2921910905101596,0.39792661101314525,0.4000038779819777,#1c8087
2,2017,HR,Nuclear,0.2921910905101596,0.5188503715796046,0.33245066381395816,0.33245066381395816,#edddd4
2,2017,HR,Conventional thermal,0.5188503715796046,1,0.3373971159568884,0.3382741952212668,#ca4d3f
2,2017,ME,Renewable,0,0.2921910905101596,0.4000038779819777,0.40033394810942924,#1c8087
2,2017,ME,Nuclear,0.2921910905101596,0.5188503715796046,0.33245066381395816,0.33245066381395816,#edddd4
2,2017,ME,Conventional thermal,0.5188503715796046,1,0.3382741952212668,0.33850495754852106,#ca4d3f
2,2017,SE,Renewable,0,0.2921910905101596,0.40033394810942924,0.42512825855705566,#1c8087
2,2017,SE,Nuclear,0.2921910905101596,0.5188503715796046,0.33245066381395816,0.3568499278620074,#edddd4
2,2017,SE,Conventional thermal,0.5188503715796046,1,0.33850495754852106,0.3412418169918382,#ca4d3f
2,2017,DK,Renewable,0,0.2921910905101596,0.42512825855705566,0.42979915218347514,#1c8087
2,2017,DK,Nuclear,0.2921910905101596,0.5188503715796046,0.3568499278620074,0.3568499278620074,#edddd4
2,2017,DK,Conventional thermal,0.5188503715796046,1,0.3412418169918382,0.34381473959429926,#ca4d3f
2,2017,LV,Renewable,0,0.2921910905101596,0.42979915218347514,0.43115225826958953,#1c8087
2,2017,LV,Nuclear,0.2921910905101596,0.5188503715796046,0.3568499278620074,0.3568499278620074,#edddd4
2,2017,LV,Conventional thermal,0.5188503715796046,1,0.34381473959429926,0.3442745099078583,#ca4d3f
2,2017,PT,Renewable,0,0.2921910905101596,0.43115225826958953,0.43790713171261914,#1c8087
2,2017,PT,Nuclear,0.2921910905101596,0.5188503715796046,0.3568499278620074,0.3568499278620074,#edddd4
2,2017,PT,Conventional thermal,0.5188503715796046,1,0.3442745099078583,0.35100255739936215,#ca4d3f
2,2017,RO,Renewable,0,0.2921910905101596,0.43790713171261914,0.4451862915740386,#1c8087
2,2017,RO,Nuclear,0.2921910905101596,0.5188503715796046,0.3568499278620074,0.3609383791108724,#edddd4
2,2017,RO,Conventional thermal,0.5188503715796046,1,0.35100255739936215,0.35554904315565466,#ca4d3f
2,2017,ES,Renewable,0,0.2921910905101596,0.4451862915740386,0.4706420639989569,#1c8087
2,2017,ES,Nuclear,0.2921910905101596,0.5188503715796046,0.3609383791108724,0.3824457293716116,#edddd4
2,2017,ES,Conventional thermal,0.5188503715796046,1,0.35554904315565466,0.37869550789372664,#ca4d3f
2,2017,BA,Renewable,0,0.2921910905101596,0.4706420639989569,0.471899502617006,#1c8087
2,2017,BA,Nuclear,0.2921910905101596,0.5188503715796046,0.3824457293716116,0.3824457293716116,#edddd4
2,2017,BA,Conventional thermal,0.5188503715796046,1,0.37869550789372664,0.3807477420293873,#ca4d3f
2,2017,MK,Renewable,0,0.2921910905101596,0.471899502617006,0.4722663574801029,#1c8087
2,2017,MK,Nuclear,0.2921910905101596,0.5188503715796046,0.3824457293716116,0.3824457293716116,#edddd4
2,2017,MK,Conventional thermal,0.5188503715796046,1,0.3807477420293873,0.3814784484759571,#ca4d3f
2,2017,RS,Renewable,0,0.2921910905101596,0.4722663574801029,0.4753695096205204,#1c8087
2,2017,RS,Nuclear,0.2921910905101596,0.5188503715796046,0.3824457293716116,0.3824457293716116,#edddd4
2,2017,RS,Conventional thermal,0.5188503715796046,1,0.3814784484759571,0.38595996651940134,#ca4d3f
2,2017,IT,Renewable,0,0.2921910905101596,0.4753695096205204,0.5016144599544179,#1c8087
2,2017,IT,Nuclear,0.2921910905101596,0.5188503715796046,0.3824457293716116,0.3824457293716116,#edddd4
2,2017,IT,Conventional thermal,0.5188503715796046,1,0.38595996651940134,0.4223934969402356,#ca4d3f
2,2017,SI,Renewable,0,0.2921910905101596,0.5016144599544179,0.5030100507039793,#1c8087
2,2017,SI,Nuclear,0.2921910905101596,0.5188503715796046,0.3824457293716116,0.3847567150681276,#edddd4
2,2017,SI,Conventional thermal,0.5188503715796046,1,0.4223934969402356,0.4233155684737001,#ca4d3f
2,2017,TR,Renewable,0,0.2921910905101596,0.5030100507039793,0.528347311491691,#1c8087
2,2017,TR,Nuclear,0.2921910905101596,0.5188503715796046,0.3847567150681276,0.3847567150681276,#edddd4
2,2017,TR,Conventional thermal,0.5188503715796046,1,0.4233155684737001,0.45978332085645574,#ca4d3f
2,2017,EL,Renewable,0,0.2921910905101596,0.528347311491691,0.5324460696457238,#1c8087
2,2017,EL,Nuclear,0.2921910905101596,0.5188503715796046,0.3847567150681276,0.3847567150681276,#edddd4
2,2017,EL,Conventional thermal,0.5188503715796046,1,0.45978332085645574,0.46653685873771183,#ca4d3f
2,2017,FI,Renewable,0,0.2921910905101596,0.5324460696457238,0.5383887137405311,#1c8087
2,2017,FI,Nuclear,0.2921910905101596,0.5188503715796046,0.3847567150681276,0.39311104662241614,#edddd4
2,2017,FI,Conventional thermal,0.5188503715796046,1,0.46653685873771183,0.47085676598807463,#ca4d3f
2,2017,IE,Renewable,0,0.2921910905101596,0.5383887137405311,0.5409548053160625,#1c8087
2,2017,IE,Nuclear,0.2921910905101596,0.5188503715796046,0.39311104662241614,0.39311104662241614,#edddd4
2,2017,IE,Conventional thermal,0.5188503715796046,1,0.47085676598807463,0.4748236280385525,#ca4d3f
2,2017,DE,Renewable,0,0.2921910905101596,0.5409548053160625,0.5940297694031637,#1c8087
2,2017,DE,Nuclear,0.2921910905101596,0.5188503715796046,0.39311104662241614,0.4210524016469685,#edddd4
2,2017,DE,Conventional thermal,0.5188503715796046,1,0.4748236280385525,0.5434372032365785,#ca4d3f
2,2017,UK,Renewable,0,0.2921910905101596,0.5940297694031637,0.6159925792101977,#1c8087
2,2017,UK,Nuclear,0.2921910905101596,0.5188503715796046,0.4210524016469685,0.44579199608482967,#edddd4
2,2017,UK,Conventional thermal,0.5188503715796046,1,0.5434372032365785,0.5779688295942366,#ca4d3f
2,2017,SK,Renewable,0,0.2921910905101596,0.6159925792101977,0.617662154900383,#1c8087
2,2017,SK,Nuclear,0.2921910905101596,0.5188503715796046,0.44579199608482967,0.4512195621859193,#edddd4
2,2017,SK,Conventional thermal,0.5188503715796046,1,0.5779688295942366,0.5791394239452174,#ca4d3f
2,2017,FR,Renewable,0,0.2921910905101596,0.617662154900383,0.6460734469799814,#1c8087
2,2017,FR,Nuclear,0.2921910905101596,0.5188503715796046,0.4512195621859193,0.5980201828541567,#edddd4
2,2017,FR,Conventional thermal,0.5188503715796046,1,0.5791394239452174,0.5917124042712799,#ca4d3f
2,2017,BG,Renewable,0,0.2921910905101596,0.6460734469799814,0.6481769197986944,#1c8087
2,2017,BG,Nuclear,0.2921910905101596,0.5188503715796046,0.5980201828541567,0.6037197344537688,#edddd4
2,2017,BG,Conventional thermal,0.5188503715796046,1,0.5917124042712799,0.595403545108426,#ca4d3f
2,2017,BE,Renewable,0,0.2921910905101596,0.6481769197986944,0.6519610109977596,#1c8087
2,2017,BE,Nuclear,0.2921910905101596,0.5188503715796046,0.6037197344537688,0.6192591241717753,#edddd4
2,2017,BE,Conventional thermal,0.5188503715796046,1,0.595403545108426,0.6011162352588572,#ca4d3f
2,2017,NL,Renewable,0,0.2921910905101596,0.6519610109977596,0.6558528114570262,#1c8087
2,2017,NL,Nuclear,0.2921910905101596,0.5188503715796046,0.6192591241717753,0.6205283691787075,#edddd4
2,2017,NL,Conventional thermal,0.5188503715796046,1,0.6011162352588572,0.6188533039655724,#ca4d3f
2,2017,PL,Renewable,0,0.2921910905101596,0.6558528114570262,0.6613347866359299,#1c8087
2,2017,PL,Nuclear,0.2921910905101596,0.5188503715796046,0.6205283691787075,0.6205283691787075,#edddd4
2,2017,PL,Conventional thermal,0.5188503715796046,1,0.6188533039655724,0.64385737789249875,#ca4d3f
2,2017,CZ,Renewable,0,0.2921910905101596,0.6613347866359299,0.663440239334703,#1c8087
2,2017,CZ,Nuclear,0.2921910905101596,0.5188503715796046,0.6205283691787075,0.6309008445323995,#edddd4
2,2017,CZ,Conventional thermal,0.5188503715796046,1,0.64385737789249875,0.6524761461392956,#ca4d3f
2,2017,UA,Renewable,0,0.2921910905101596,0.663440239334703,0.6670832667079115,#1c8087
2,2017,UA,Nuclear,0.2921910905101596,0.5188503715796046,0.6309008445323995,0.6619944552884516,#edddd4
2,2017,UA,Conventional thermal,0.5188503715796046,1,0.6524761461392956,0.6623345134224923,#ca4d3f
2,2017,CY,Renewable,0,0.2921910905101596,0.6670832667079115,0.6671984551144847,#1c8087
2,2017,CY,Nuclear,0.2921910905101596,0.5188503715796046,0.6619944552884516,0.6619944552884516,#edddd4
2,2017,CY,Conventional thermal,0.5188503715796046,1,0.6623345134224923,0.6631362198733234,#ca4d3f
2,2017,MT,Renewable,0,0.2921910905101596,0.6671984551144847,0.667245106808154,#1c8087
2,2017,MT,Nuclear,0.2921910905101596,0.5188503715796046,0.6619944552884516,0.6619944552884516,#edddd4
2,2017,MT,Conventional thermal,0.5188503715796046,1,0.6631362198733234,0.6633987518795226,#ca4d3f
2,2017,EE,Renewable,0,0.2921910905101596,0.667245106808154,0.6674701000056977,#1c8087
2,2017,EE,Nuclear,0.2921910905101596,0.5188503715796046,0.6619944552884516,0.6619944552884516,#edddd4
2,2017,EE,Conventional thermal,0.5188503715796046,1,0.6633987518795226,0.6653114340939583,#ca4d3f
2,2017,HU,Renewable,0,0.2921910905101596,0.6674701000056977,0.6678828378607382,#1c8087
2,2017,HU,Nuclear,0.2921910905101596,0.5188503715796046,0.6619944552884516,0.6678828378607382,#edddd4
2,2017,HU,Conventional thermal,0.5188503715796046,1,0.6653114340939583,0.6678828378607382,#ca4d3f
2,2016,AL,Renewable,0,0.2935781778145381,0.6678828378607382,0.6700163032914376,#1f9098
2,2016,AL,Nuclear,0.2935781778145381,0.5239135375651567,0.6678828378607382,0.6678828378607382,#f3e8e2
2,2016,AL,Conventional thermal,0.5239135375651567,1,0.6678828378607382,0.6678828378607382,#cf5c4f
2,2016,NO,Renewable,0,0.2935781778145381,0.6700163032914376,0.7139215628710234,#1f9098
2,2016,NO,Nuclear,0.2935781778145381,0.5239135375651567,0.6678828378607382,0.6678828378607382,#f3e8e2
2,2016,NO,Conventional thermal,0.5239135375651567,1,0.6678828378607382,0.6684750049180237,#cf5c4f
2,2016,LU,Renewable,0,0.2935781778145381,0.7139215628710234,0.7148551910818881,#1f9098
2,2016,LU,Nuclear,0.2935781778145381,0.5239135375651567,0.6678828378607382,0.6678828378607382,#f3e8e2
2,2016,LU,Conventional thermal,0.5239135375651567,1,0.6684750049180237,0.6685578869201848,#cf5c4f
2,2016,GE,Renewable,0,0.2935781778145381,0.7148551910818881,0.7176147042440735,#1f9098
2,2016,GE,Nuclear,0.2935781778145381,0.5239135375651567,0.6678828378607382,0.6678828378607382,#f3e8e2
2,2016,GE,Conventional thermal,0.5239135375651567,1,0.6685578869201848,0.6689514973396445,#cf5c4f
2,2016,AT,Renewable,0,0.2935781778145381,0.7176147042440735,0.7324675584145176,#1f9098
2,2016,AT,Nuclear,0.2935781778145381,0.5239135375651567,0.6678828378607382,0.6678828378607382,#f3e8e2
2,2016,AT,Conventional thermal,0.5239135375651567,1,0.6689514973396445,0.6722819779783537,#cf5c4f
2,2016,LT,Renewable,0,0.2935781778145381,0.7324675584145176,0.7333830112100335,#1f9098
2,2016,LT,Nuclear,0.2935781778145381,0.5239135375651567,0.6678828378607382,0.6678828378607382,#f3e8e2
2,2016,LT,Conventional thermal,0.5239135375651567,1,0.6722819779783537,0.6725706870729081,#cf5c4f
2,2016,HR,Renewable,0,0.2935781778145381,0.7333830112100335,0.73584893369775894,#1f9098
2,2016,HR,Nuclear,0.2935781778145381,0.5239135375651567,0.6678828378607382,0.6678828378607382,#f3e8e2
2,2016,HR,Conventional thermal,0.5239135375651567,1,0.6725706870729081,0.6733525614471135,#cf5c4f
2,2016,ME,Renewable,0,0.2935781778145381,0.73584893369775894,0.7363891764154262,#1f9098
2,2016,ME,Nuclear,0.2935781778145381,0.5239135375651567,0.6678828378607382,0.6678828378607382,#f3e8e2
2,2016,ME,Conventional thermal,0.5239135375651567,1,0.6733525614471135,0.673576744243396,#cf5c4f
2,2016,SE,Renewable,0,0.2935781778145381,0.7363891764154262,0.7595610147290969,#1f9098
2,2016,SE,Nuclear,0.2935781778145381,0.5239135375651567,0.6678828378607382,0.6909461431906514,#f3e8e2
2,2016,SE,Conventional thermal,0.5239135375651567,1,0.673576744243396,0.6762722842634992,#cf5c4f
2,2016,DK,Renewable,0,0.2935781778145381,0.7595610147290969,0.7636105279433381,#1f9098
2,2016,DK,Nuclear,0.2935781778145381,0.5239135375651567,0.6909461431906514,0.6909461431906514,#f3e8e2
2,2016,DK,Conventional thermal,0.5239135375651567,1,0.6762722842634992,0.6791359888505812,#cf5c4f
2,2016,LV,Renewable,0,0.2935781778145381,0.7636105279433381,0.7644028042033371,#1f9098
2,2016,LV,Nuclear,0.2935781778145381,0.5239135375651567,0.6909461431906514,0.6909461431906514,#f3e8e2
2,2016,LV,Conventional thermal,0.5239135375651567,1,0.6791359888505812,0.6797401393632602,#cf5c4f
2,2016,PT,Renewable,0,0.2935781778145381,0.7644028042033371,0.7737744015030715,#1f9098
2,2016,PT,Nuclear,0.2935781778145381,0.5239135375651567,0.6909461431906514,0.6909461431906514,#f3e8e2
2,2016,PT,Conventional thermal,0.5239135375651567,1,0.6797401393632602,0.6850316645432754,#cf5c4f
2,2016,RO,Renewable,0,0.2935781778145381,0.7737744015030715,0.7818744546019978,#1f9098
2,2016,RO,Nuclear,0.2935781778145381,0.5239135375651567,0.6909461431906514,0.6948962162699237,#f3e8e2
2,2016,RO,Conventional thermal,0.5239135375651567,1,0.6850316645432754,0.6893280098430828,#cf5c4f
2,2016,ES,Renewable,0,0.2935781778145381,0.7818744546019978,0.8128013321262781,#1f9098
2,2016,ES,Nuclear,0.2935781778145381,0.5239135375651567,0.6948962162699237,0.7162737099750345,#f3e8e2
2,2016,ES,Conventional thermal,0.5239135375651567,1,0.6893280098430828,0.7092776976602889,#cf5c4f
2,2016,BA,Renewable,0,0.2935781778145381,0.8128013321262781,0.8144869372409479,#1f9098
2,2016,BA,Nuclear,0.2935781778145381,0.5239135375651567,0.7162737099750345,0.7162737099750345,#f3e8e2
2,2016,BA,Conventional thermal,0.5239135375651567,1,0.7092776976602889,0.7113003205698405,#cf5c4f
2,2016,MK,Renewable,0,0.2935781778145381,0.8144869372409479,0.815085741133116,#1f9098
2,2016,MK,Nuclear,0.2935781778145381,0.5239135375651567,0.7162737099750345,0.7162737099750345,#f3e8e2
2,2016,MK,Conventional thermal,0.5239135375651567,1,0.7113003205698405,0.7119052782143304,#cf5c4f
2,2016,RS,Renewable,0,0.2935781778145381,0.815085741133116,0.8187317067899796,#1f9098
2,2016,RS,Nuclear,0.2935781778145381,0.5239135375651567,0.7162737099750345,0.7162737099750345,#f3e8e2
2,2016,RS,Conventional thermal,0.5239135375651567,1,0.7119052782143304,0.7165439816166843,#cf5c4f
2,2016,IT,Renewable,0,0.2935781778145381,0.8187317067899796,0.8460598042396646,#1f9098
2,2016,IT,Nuclear,0.2935781778145381,0.5239135375651567,0.7162737099750345,0.7162737099750345,#f3e8e2
2,2016,IT,Conventional thermal,0.5239135375651567,1,0.7165439816166843,0.7515948511989321,#cf5c4f
2,2016,SI,Renewable,0,0.2935781778145381,0.8460598042396646,0.8476359855388024,#1f9098
2,2016,SI,Nuclear,0.2935781778145381,0.5239135375651567,0.7162737099750345,0.718343249517146,#f3e8e2
2,2016,SI,Conventional thermal,0.5239135375651567,1,0.7515948511989321,0.7525389631230788,#cf5c4f
2,2016,TR,Renewable,0,0.2935781778145381,0.8476359855388024,0.8738770721864921,#1f9098
2,2016,TR,Nuclear,0.2935781778145381,0.5239135375651567,0.718343249517146,0.718343249517146,#f3e8e2
2,2016,TR,Conventional thermal,0.5239135375651567,1,0.7525389631230788,0.7846483553083806,#cf5c4f
2,2016,EL,Renewable,0,0.2935781778145381,0.8738770721864921,0.8782609011677625,#1f9098
2,2016,EL,Nuclear,0.2935781778145381,0.5239135375651567,0.718343249517146,0.718343249517146,#f3e8e2
2,2016,EL,Conventional thermal,0.5239135375651567,1,0.7846483553083806,0.7912090205949817,#cf5c4f
2,2016,FI,Renewable,0,0.2935781778145381,0.8782609011677625,0.8839324033006614,#1f9098
2,2016,FI,Nuclear,0.2935781778145381,0.5239135375651567,0.718343249517146,0.726833277320174,#f3e8e2
2,2016,FI,Conventional thermal,0.5239135375651567,1,0.7912090205949817,0.79580882385752,#cf5c4f
2,2016,IE,Renewable,0,0.2935781778145381,0.8839324033006614,0.8861466525075242,#1f9098
2,2016,IE,Nuclear,0.2935781778145381,0.5239135375651567,0.726833277320174,0.726833277320174,#f3e8e2
2,2016,IE,Conventional thermal,0.5239135375651567,1,0.79580882385752,0.7999701637332266,#cf5c4f
2,2016,DE,Renewable,0,0.2935781778145381,0.8861466525075242,0.9308211674897431,#1f9098
2,2016,DE,Nuclear,0.2935781778145381,0.5239135375651567,0.726833277320174,0.7573325971271198,#f3e8e2
2,2016,DE,Conventional thermal,0.5239135375651567,1,0.7999701637332266,0.8718968909737089,#cf5c4f
2,2016,UK,Renewable,0,0.2935781778145381,0.9308211674897431,0.9484333333151276,#1f9098
2,2016,UK,Nuclear,0.2935781778145381,0.5239135375651567,0.7573325971271198,0.782158337725939,#f3e8e2
2,2016,UK,Conventional thermal,0.5239135375651567,1,0.8718968909737089,0.9093525981719713,#cf5c4f
2,2016,SK,Renewable,0,0.2935781778145381,0.9484333333151276,0.9500618347446427,#1f9098
2,2016,SK,Nuclear,0.2935781778145381,0.5239135375651567,0.782158337725939,0.787391060427518,#f3e8e2
2,2016,SK,Conventional thermal,0.5239135375651567,1,0.9093525981719713,0.9104707467406005,#cf5c4f
2,2016,FR,Renewable,0,0.2935781778145381,0.9500618347446427,0.9800919658633362,#1f9098
2,2016,FR,Nuclear,0.2935781778145381,0.5239135375651567,0.787391060427518,0.9337213861832918,#f3e8e2
2,2016,FR,Conventional thermal,0.5239135375651567,1,0.9104707467406005,0.9216444623544143,#cf5c4f
2,2016,BG,Renewable,0,0.2935781778145381,0.9800919658633362,0.9824834442798391,#1f9098
2,2016,BG,Nuclear,0.2935781778145381,0.5239135375651567,0.9337213861832918,0.9394113814774935,#f3e8e2
2,2016,BG,Conventional thermal,0.5239135375651567,1,0.9216444623544143,0.9251305417087767,#cf5c4f
2,2016,BE,Renewable,0,0.2935781778145381,0.9824834442798391,0.98591325305520106,#1f9098
2,2016,BE,Nuclear,0.2935781778145381,0.5239135375651567,0.9394113814774935,0.9551987177377919,#f3e8e2
2,2016,BE,Conventional thermal,0.5239135375651567,1,0.9251305417087767,0.9307955819753613,#cf5c4f
2,2016,NL,Renewable,0,0.2935781778145381,0.98591325305520106,0.988906099947177,#1f9098
2,2016,NL,Nuclear,0.2935781778145381,0.5239135375651567,0.9551987177377919,0.9566276945897378,#f3e8e2
2,2016,NL,Conventional thermal,0.5239135375651567,1,0.9307955819753613,0.9487286939189681,#cf5c4f
2,2016,PL,Renewable,0,0.2935781778145381,0.988906099947177,0.9935497357472923,#1f9098
2,2016,PL,Nuclear,0.2935781778145381,0.5239135375651567,0.9566276945897378,0.9566276945897378,#f3e8e2
2,2016,PL,Conventional thermal,0.5239135375651567,1,0.9487286939189681,0.9739759908243122,#cf5c4f
2,2016,CZ,Renewable,0,0.2935781778145381,0.9935497357472923,0.9956544998493275,#1f9098
2,2016,CZ,Nuclear,0.2935781778145381,0.5239135375651567,0.9566276945897378,0.9652880564335178,#f3e8e2
2,2016,CZ,Conventional thermal,0.5239135375651567,1,0.9739759908243122,0.9827915736942443,#cf5c4f
2,2016,UA,Renewable,0,0.2935781778145381,0.9956544998493275,0.9992947850348931,#1f9098
2,2016,UA,Nuclear,0.2935781778145381,0.5239135375651567,0.9652880564335178,0.9942223607922123,#f3e8e2
2,2016,UA,Conventional thermal,0.5239135375651567,1,0.9827915736942443,0.9948515388412966,#cf5c4f
2,2016,CY,Renewable,0,0.2935781778145381,0.9992947850348931,0.9994061934277133,#1f9098
2,2016,CY,Nuclear,0.2935781778145381,0.5239135375651567,0.9942223607922123,0.9942223607922123,#f3e8e2
2,2016,CY,Conventional thermal,0.5239135375651567,1,0.9948515388412966,0.9956433687015211,#cf5c4f
2,2016,MT,Renewable,0,0.2935781778145381,0.9994061934277133,0.9994442107293063,#1f9098
2,2016,MT,Nuclear,0.2935781778145381,0.5239135375651567,0.9942223607922123,0.9942223607922123,#f3e8e2
2,2016,MT,Conventional thermal,0.5239135375651567,1,0.9956433687015211,0.9957687340810212,#cf5c4f
2,2016,EE,Renewable,0,0.2935781778145381,0.9994442107293063,0.999632264226491,#1f9098
2,2016,EE,Nuclear,0.2935781778145381,0.5239135375651567,0.9942223607922123,0.9942223607922123,#f3e8e2
2,2016,EE,Conventional thermal,0.5239135375651567,1,0.9957687340810212,0.9975745486283785,#cf5c4f
2,2016,HU,Renewable,0,0.2935781778145381,0.999632264226491,1,#1f9098
2,2016,HU,Nuclear,0.2935781778145381,0.5239135375651567,0.9942223607922123,1,#f3e8e2
2,2016,HU,Conventional thermal,0.5239135375651567,1,0.9975745486283785,1,#cf5c4f
3,2018,AL,Renewable,0,0.00587677194653608,0,0.12839237671892936,#187077
3,2018,AL,Nuclear,0,0,0.3021474749659697,0,#e7d1c5
3,2018,AL,Conventional thermal,0,0,0.5308897714157013,0,#c04335
3,2018,NO,Renewable,0.00587677194653608,0.1337804686336907,0,0.10079306048504341,#187077
3,2018,NO,Nuclear,0,0,0.3021474749659697,0,#e7d1c5
3,2018,NO,Conventional thermal,0,0.0018527415420053703,0.5308897714157013,0.6946748200186417,#c04335
3,2018,LU,Renewable,0.1337804686336907,0.1364373303536164,0,0.09710176821851489,#187077
3,2018,LU,Nuclear,0,0,0.3021474749659697,0,#e7d1c5
3,2018,LU,Conventional thermal,0.0018527415420053703,0.0021077366437558826,0.5308897714157013,0.6903041501057849,#c04335
3,2018,GE,Renewable,0.1364373303536164,0.14470130611252036,0,0.10656702723079484,#187077
3,2018,GE,Nuclear,0,0,0.3021474749659697,0,#e7d1c5
3,2018,GE,Conventional thermal,0.0021077366437558826,0.003301675431649803,0.5308897714157013,0.6863654712946365,#c04335
3,2018,AT,Renewable,0.14470130611252036,0.19221215429945984,0,0.1157114182029244,#187077
3,2018,AT,Nuclear,0,0,0.3021474749659697,0,#e7d1c5
3,2018,AT,Conventional thermal,0.003301675431649803,0.013508419134138076,0.5308897714157013,0.6714961796677333,#c04335
3,2018,LT,Renewable,0.19221215429945984,0.1949294960668689,0,0.09347605988179465,#187077
3,2018,LT,Nuclear,0,0,0.3021474749659697,0,#e7d1c5
3,2018,LT,Conventional thermal,0.013508419134138076,0.014169664698750988,0.5308897714157013,0.6374556242666749,#c04335
3,2018,HR,Renewable,0.1949294960668689,0.20214768594088453,0,0.11776607814607967,#187077
3,2018,HR,Nuclear,0,0,0.3021474749659697,0,#e7d1c5
3,2018,HR,Conventional thermal,0.014169664698750988,0.01664028873822547,0.5308897714157013,0.678524067464447,#c04335
3,2018,ME,Renewable,0.20214768594088453,0.20365964355402896,0,0.13346085247209583,#187077
3,2018,ME,Nuclear,0,0,0.3021474749659697,0,#e7d1c5
3,2018,ME,Conventional thermal,0.01664028873822547,0.017374666129328437,0.5308897714157013,0.7034745281228929,#c04335
3,2018,SE,Renewable,0.20365964355402896,0.27269846890058747,0,0.09867612958363971,#187077
3,2018,SE,Nuclear,0,0.07264985209530117,0.3021474749659697,0.38164494757579726,#e7d1c5
3,2018,SE,Conventional thermal,0.017374666129328437,0.025699603035940384,0.5308897714157013,0.6876674206806002,#c04335
3,2018,DK,Renewable,0.27269846890058747,0.28546879702617595,0,0.10218063090998952,#187077
3,2018,DK,Nuclear,0.07264985209530117,0.07264985209530117,0.3021474749659697,0,#e7d1c5
3,2018,DK,Conventional thermal,0.025699603035940384,0.03387781901101328,0.5308897714157013,0.6819194126959082,#c04335
3,2018,LV,Renewable,0.28546879702617595,0.28828439279900486,0,0.0791181006239924,#187077
3,2018,LV,Nuclear,0.07264985209530117,0.07264985209530117,0.3021474749659697,0,#e7d1c5
3,2018,LV,Conventional thermal,0.03387781901101328,0.035703824164214464,0.5308897714157013,0.7213336473913641,#c04335
3,2018,PT,Renewable,0.28828439279900486,0.31272965045840107,0,0.10885802954961438,#187077
3,2018,PT,Nuclear,0.07264985209530117,0.07264985209530117,0.3021474749659697,0,#e7d1c5
3,2018,PT,Conventional thermal,0.035703824164214464,0.05375379455440806,0.5308897714157013,0.6810841829692069,#c04335
3,2018,RO,Renewable,0.31272965045840107,0.33509564453355484,0,0.1007298911218345,#187077
3,2018,RO,Nuclear,0.07264985209530117,0.08468578463752927,0.3021474749659697,0.37830276429621307,#e7d1c5
3,2018,RO,Conventional thermal,0.05375379455440806,0.06700777502969019,0.5308897714157013,0.6806263767072148,#c04335
3,2018,ES,Renewable,0.33509564453355484,0.41873191953471506,0,0.10465653872499225,#187077
3,2018,ES,Nuclear,0.08468578463752927,0.14796442819532446,0.3021474749659697,0.3760376333165105,#e7d1c5
3,2018,ES,Conventional thermal,0.06700777502969019,0.13159168032022517,0.5308897714157013,0.6804979643966138,#c04335
3,2018,BA,Renewable,0.41873191953471506,0.4226021342110195,0,0.07935124497485467,#187077
3,2018,BA,Nuclear,0.14796442819532446,0.14796442819532446,0.3021474749659697,0,#e7d1c5
3,2018,BA,Conventional thermal,0.13159168032022517,0.13649835129216573,0.5308897714157013,0.6025054280577764,#c04335
3,2018,MK,Renewable,0.4226021342110195,0.4240890957788331,0,0.11183490457831732,#187077
3,2018,MK,Nuclear,0.14796442819532446,0.14796442819532446,0.3021474749659697,0,#e7d1c5
3,2018,MK,Conventional thermal,0.13649835129216573,0.1384809084917182,0.5308897714157013,0.6773907555938913,#c04335
3,2018,RS,Renewable,0.4240890957788331,0.43434038975156664,0,0.1092850551482796,#187077
3,2018,RS,Nuclear,0.14796442819532446,0.14796442819532446,0.3021474749659697,0,#e7d1c5
3,2018,RS,Conventional thermal,0.1384809084917182,0.15220544188843274,0.5308897714157013,0.6819779217034413,#c04335
3,2018,IT,Renewable,0.43434038975156664,0.5143990772601236,0,0.10614783771003833,#187077
3,2018,IT,Nuclear,0.14796442819532446,0.14796442819532446,0.3021474749659697,0,#e7d1c5
3,2018,IT,Conventional thermal,0.15220544188843274,0.2597687055973129,0.5308897714157013,0.6818874497773345,#c04335
3,2018,SI,Renewable,0.5143990772601236,0.5188137291419371,0,0.104960552864004,#187077
3,2018,SI,Nuclear,0.14796442819532446,0.15444487772106671,0.3021474749659697,0.376503183338715,#e7d1c5
3,2018,SI,Conventional thermal,0.2597687055973129,0.2625525493588474,0.5308897714157013,0.6791726266560555,#c04335
3,2018,TR,Renewable,0.5188137291419371,0.596156748412867,0,0.1068210912223485,#187077
3,2018,TR,Nuclear,0.15444487772106671,0.15444487772106671,0.3021474749659697,0,#e7d1c5
3,2018,TR,Conventional thermal,0.2625525493588474,0.3690568399342445,0.5308897714157013,0.6917185939896038,#c04335
3,2018,EL,Renewable,0.596156748412867,0.6091852193061837,0,0.11144074051636514,#187077
3,2018,EL,Nuclear,0.15444487772106671,0.15444487772106671,0.3021474749659697,0,#e7d1c5
3,2018,EL,Conventional thermal,0.3690568399342445,0.38915370777726965,0.5308897714157013,0.6828905768110439,#c04335
3,2018,FI,Renewable,0.6091852193061837,0.6259936266443297,0,0.09978345249824393,#187077
3,2018,FI,Nuclear,0.15444487772106671,0.17967179519441404,0.3021474749659697,0.3783090846837329,#e7d1c5
3,2018,FI,Conventional thermal,0.38915370777726965,0.40319687452035863,0.5308897714157013,0.6960496225980197,#c04335
3,2018,IE,Renewable,0.6259936266443297,0.6333880614851972,0,0.11283694977953183,#187077
3,2018,IE,Nuclear,0.17967179519441404,0.17967179519441404,0.3021474749659697,0,#e7d1c5
3,2018,IE,Conventional thermal,0.40319687452035863,0.41522403237854466,0.5308897714157013,0.6765809655230361,#c04335
3,2018,DE,Renewable,0.6333880614851972,0.7820803436718232,0,0.10964592802824809,#187077
3,2018,DE,Nuclear,0.17967179519441404,0.26580305948727545,0.3021474749659697,0.37579812900775017,#e7d1c5
3,2018,DE,Conventional thermal,0.41522403237854466,0.6185495946650391,0.5308897714157013,0.6692165186648076,#c04335
3,2018,UK,Renewable,0.7820803436718232,0.8436587385407285,0,0.11396645915290902,#187077
3,2018,UK,Nuclear,0.26580305948727545,0.33799266077814705,0.3021474749659697,0.37400146093029674,#e7d1c5
3,2018,UK,Conventional thermal,0.6185495946650391,0.7258153984842236,0.5308897714157013,0.6788628518850074,#c04335
3,2018,SK,Renewable,0.8436587385407285,0.8482432979955866,0,0.0914559934046659,#187077
3,2018,SK,Nuclear,0.33799266077814705,0.3539379113805587,0.3021474749659697,0.37814903644067654,#e7d1c5
3,2018,SK,Conventional thermal,0.7258153984842236,0.7291660304128534,0.5308897714157013,0.6730269224263337,#c04335
3,2018,FR,Renewable,0.8482432979955866,0.937913713679405,0,0.11125154280863493,#187077
3,2018,FR,Nuclear,0.3539379113805587,0.7976096972307604,0.3021474749659697,0.379925086478069,#e7d1c5
3,2018,FR,Conventional thermal,0.7291660304128534,0.7634969559708192,0.5308897714157013,0.6688367888113194,#c04335
3,2018,BG,Renewable,0.937913713679405,0.9446152226570836,0,0.1056690554124634,#187077
3,2018,BG,Nuclear,0.7976096972307604,0.8148539621790121,0.3021474749659697,0.3799721539431511,#e7d1c5
3,2018,BG,Conventional thermal,0.7634969559708192,0.77443818913882,0.5308897714157013,0.6859891223346009,#c04335
3,2018,BE,Renewable,0.9446152226570836,0.9554147250145711,0,0.10652783670521927,#187077
3,2018,BE,Nuclear,0.8148539621790121,0.8565077409032635,0.3021474749659697,0.3590319256689653,#e7d1c5
3,2018,BE,Conventional thermal,0.77443818913882,0.7916771857340572,0.5308897714157013,0.6841052962018395,#c04335
3,2018,NL,Renewable,0.9554147250145711,0.9663820579206386,0,0.11834855370316152,#187077
3,2018,NL,Nuclear,0.8565077409032635,0.8604757446227511,0.3021474749659697,0.3754387936328095,#e7d1c5
3,2018,NL,Conventional thermal,0.7916771857340572,0.8457410963539231,0.5308897714157013,0.684227506899772,#c04335
3,2018,PL,Renewable,0.9663820579206386,0.9807100149581608,0,0.0952055896336247,#187077
3,2018,PL,Nuclear,0.8604757446227511,0.8604757446227511,0.3021474749659697,0,#e7d1c5
3,2018,PL,Conventional thermal,0.8457410963539231,0.9230089149809815,0.5308897714157013,0.6887372055276074,#c04335
3,2018,CZ,Renewable,0.9807100149581608,0.9867393819704654,0,0.09763059494182796,#187077
3,2018,CZ,Nuclear,0.8604757446227511,0.8903164517265559,0.3021474749659697,0.38525631332375654,#e7d1c5
3,2018,CZ,Conventional thermal,0.9230089149809815,0.9497845098085239,0.5308897714157013,0.6883767902832175,#c04335
3,2018,UA,Renewable,0.9867393819704654,0.9978209610988522,0,0.10965068297218397,#187077
3,2018,UA,Nuclear,0.8903164517265559,0.9826474147876753,0.3021474749659697,0.3823778485590447,#e7d1c5
3,2018,UA,Conventional thermal,0.9497845098085239,0.9835167740980055,0.5308897714157013,0.6891718916610365,#c04335
3,2018,CY,Renewable,0.9978209610988522,0.9981599782608568,0,0.10639308101211999,#187077
3,2018,CY,Nuclear,0.9826474147876753,0.9826474147876753,0.3021474749659697,0,#e7d1c5
3,2018,CY,Conventional thermal,0.9835167740980055,0.9859621969248527,0.5308897714157013,0.6881029204640241,#c04335
3,2018,MT,Renewable,0.9981599782608568,0.9982420317659447,0,0,#187077
3,2018,MT,Nuclear,0.9826474147876753,0.9826474147876753,0.3021474749659697,0,#e7d1c5
3,2018,MT,Conventional thermal,0.9859621969248527,0.9866798559573812,0.5308897714157013,0.7408212969690664,#c04335
3,2018,EE,Renewable,0.9982420317659447,0.9988352473826452,0,0.09825970232843666,#187077
3,2018,EE,Nuclear,0.9826474147876753,0.9826474147876753,0.3021474749659697,0,#e7d1c5
3,2018,EE,Conventional thermal,0.9866798559573812,0.9923771357375883,0.5308897714157013,0.6875684071878132,#c04335
3,2018,HU,Renewable,0.9988352473826452,1,0,0.10591909233984341,#187077
3,2018,HU,Nuclear,0.9826474147876753,1,0.3021474749659697,0.37728434989970455,#e7d1c5
3,2018,HU,Conventional thermal,0.9923771357375883,1,0.5308897714157013,0.6862131545457687,#c04335
3,2017,AL,Renewable,0,0.00587677194653608,0.12839237671892936,0.19556874445317368,#1c8087
3,2017,AL,Nuclear,0,0,0,0,#edddd4
3,2017,AL,Conventional thermal,0,0,0,0,#ca4d3f
3,2017,NO,Renewable,0.00587677194653608,0.1337804686336907,0.10079306048504341,0.20137145020902764,#1c8087
3,2017,NO,Nuclear,0,0,0,0,#edddd4
3,2017,NO,Conventional thermal,0,0.0018527415420053703,0.6946748200186417,0.8478348366019979,#ca4d3f
3,2017,LU,Renewable,0.1337804686336907,0.1364373303536164,0.09710176821851489,0.19898332952088824,#1c8087
3,2017,LU,Nuclear,0,0,0,0,#edddd4
3,2017,LU,Conventional thermal,0.0018527415420053703,0.0021077366437558826,0.6903041501057849,0.8452558541810353,#ca4d3f
3,2017,GE,Renewable,0.1364373303536164,0.14470130611252036,0.10656702723079484,0.20411562329496785,#1c8087
3,2017,GE,Nuclear,0,0,0,0,#edddd4
3,2017,GE,Conventional thermal,0.0021077366437558826,0.003301675431649803,0.6863654712946365,0.8430467339882449,#ca4d3f
3,2017,AT,Renewable,0.14470130611252036,0.19221215429945984,0.1157114182029244,0.21036898586076513,#1c8087
3,2017,AT,Nuclear,0,0,0,0,#edddd4
3,2017,AT,Conventional thermal,0.003301675431649803,0.013508419134138076,0.6714961796677333,0.8446520465577891,#ca4d3f
3,2017,LT,Renewable,0.19221215429945984,0.1949294960668689,0.09347605988179465,0.20324310938112938,#1c8087
3,2017,LT,Nuclear,0,0,0,0,#edddd4
3,2017,LT,Conventional thermal,0.013508419134138076,0.014169664698750988,0.6374556242666749,0.7921339682940771,#ca4d3f
3,2017,HR,Renewable,0.1949294960668689,0.20214768594088453,0.11776607814607967,0.2018534894635393,#1c8087
3,2017,HR,Nuclear,0,0,0,0,#edddd4
3,2017,HR,Conventional thermal,0.014169664698750988,0.01664028873822547,0.678524067464447,0.8493336910284806,#ca4d3f
3,2017,ME,Renewable,0.20214768594088453,0.20365964355402896,0.13346085247209583,0.1972480576466669,#1c8087
3,2017,ME,Nuclear,0,0,0,0,#edddd4
3,2017,ME,Conventional thermal,0.01664028873822547,0.017374666129328437,0.7034745281228929,0.854665468036049,#ca4d3f
3,2017,SE,Renewable,0.20365964355402896,0.27269846890058747,0.09867612958363971,0.20361239655766275,#1c8087
3,2017,SE,Nuclear,0,0.07264985209530117,0.38164494757579726,0.45776787815657527,#edddd4
3,2017,SE,Conventional thermal,0.017374666129328437,0.025699603035940384,0.6876674206806002,0.84584746684347345,#ca4d3f
3,2017,DK,Renewable,0.27269846890058747,0.28546879702617595,0.10218063090998952,0.20905286543196389,#1c8087
3,2017,DK,Nuclear,0.07264985209530117,0.07264985209530117,0,0,#edddd4
3,2017,DK,Conventional thermal,0.025699603035940384,0.03387781901101328,0.6819194126959082,0.833292372018805,#ca4d3f
3,2017,LV,Renewable,0.28546879702617595,0.28828439279900486,0.0791181006239924,0.21953795303784532,#1c8087
3,2017,LV,Nuclear,0.07264985209530117,0.07264985209530117,0,0,#edddd4
3,2017,LV,Conventional thermal,0.03387781901101328,0.035703824164214464,0.7213336473913641,0.8424824377657125,#ca4d3f
3,2017,PT,Renewable,0.28828439279900486,0.31272965045840107,0.10885802954961438,0.18959818230551226,#1c8087
3,2017,PT,Nuclear,0.07264985209530117,0.07264985209530117,0,0,#edddd4
3,2017,PT,Conventional thermal,0.035703824164214464,0.05375379455440806,0.6810841829692069,0.8604306018581048,#ca4d3f
3,2017,RO,Renewable,0.31272965045840107,0.33509564453355484,0.1007298911218345,0.19582540311916197,#1c8087
3,2017,RO,Nuclear,0.07264985209530117,0.08468578463752927,0.37830276429621307,0.4552960024606785,#edddd4
3,2017,RO,Conventional thermal,0.05375379455440806,0.06700777502969019,0.6806263767072148,0.8456741475514824,#ca4d3f
3,2017,ES,Renewable,0.33509564453355484,0.41873191953471506,0.10465653872499225,0.19358864270155224,#1c8087
3,2017,ES,Nuclear,0.08468578463752927,0.14796442819532446,0.3760376333165105,0.4530753236607335,#edddd4
3,2017,ES,Conventional thermal,0.06700777502969019,0.13159168032022517,0.6804979643966138,0.8529389596859039,#ca4d3f
3,2017,BA,Renewable,0.41873191953471506,0.4226021342110195,0.07935124497485467,0.17428457342994502,#1c8087
3,2017,BA,Nuclear,0.14796442819532446,0.14796442819532446,0,0,#edddd4
3,2017,BA,Conventional thermal,0.13159168032022517,0.13649835129216573,0.6025054280577764,0.8037481234517738,#ca4d3f
3,2017,MK,Renewable,0.4226021342110195,0.4240890957788331,0.11183490457831732,0.18392266046086142,#1c8087
3,2017,MK,Nuclear,0.14796442819532446,0.14796442819532446,0,0,#edddd4
3,2017,MK,Conventional thermal,0.13649835129216573,0.1384809084917182,0.6773907555938913,0.8547269430848679,#ca4d3f
3,2017,RS,Renewable,0.4240890957788331,0.43434038975156664,0.1092850551482796,0.19773373395304072,#1c8087
3,2017,RS,Nuclear,0.14796442819532446,0.14796442819532446,0,0,#edddd4
3,2017,RS,Conventional thermal,0.1384809084917182,0.15220544188843274,0.6819779217034413,0.8390893279009519,#ca4d3f
3,2017,IT,Renewable,0.43434038975156664,0.5143990772601236,0.10614783771003833,0.20193432756008545,#1c8087
3,2017,IT,Nuclear,0.14796442819532446,0.14796442819532446,0,0,#edddd4
3,2017,IT,Conventional thermal,0.15220544188843274,0.2597687055973129,0.6818874497773345,0.8448611177340117,#ca4d3f
3,2017,SI,Renewable,0.5143990772601236,0.5188137291419371,0.104960552864004,0.1973300519631564,#1c8087
3,2017,SI,Nuclear,0.14796442819532446,0.15444487772106671,0.376503183338715,0.4573318904296917,#edddd4
3,2017,SI,Conventional thermal,0.2597687055973129,0.2625525493588474,0.6791726266560555,0.8385401823478091,#ca4d3f
3,2017,TR,Renewable,0.5188137291419371,0.596156748412867,0.1068210912223485,0.20254171255170467,#1c8087
3,2017,TR,Nuclear,0.15444487772106671,0.15444487772106671,0,0,#edddd4
3,2017,TR,Conventional thermal,0.2625525493588474,0.3690568399342445,0.6917185939896038,0.8564673136279762,#ca4d3f
3,2017,EL,Renewable,0.596156748412867,0.6091852193061837,0.11144074051636514,0.20336408475000103,#1c8087
3,2017,EL,Nuclear,0.15444487772106671,0.15444487772106671,0,0,#edddd4
3,2017,EL,Conventional thermal,0.3690568399342445,0.38915370777726965,0.6828905768110439,0.8445805609155669,#ca4d3f
3,2017,FI,Renewable,0.6091852193061837,0.6259936266443297,0.09978345249824393,0.2030881632684816,#1c8087
3,2017,FI,Nuclear,0.15444487772106671,0.17967179519441404,0.3783090846837329,0.4533712394599332,#edddd4
3,2017,FI,Conventional thermal,0.38915370777726965,0.40319687452035863,0.6960496225980197,0.8440590998297504,#ca4d3f
3,2017,IE,Renewable,0.6259936266443297,0.6333880614851972,0.11283694977953183,0.21423605761391756,#1c8087
3,2017,IE,Nuclear,0.17967179519441404,0.17967179519441404,0,0,#edddd4
3,2017,IE,Conventional thermal,0.40319687452035863,0.41522403237854466,0.6765809655230361,0.8352763301376553,#ca4d3f
3,2017,DE,Renewable,0.6333880614851972,0.7820803436718232,0.10964592802824809,0.21394207176443242,#1c8087
3,2017,DE,Nuclear,0.17967179519441404,0.26580305948727545,0.37579812900775017,0.44932738106235004,#edddd4
3,2017,DE,Conventional thermal,0.41522403237854466,0.6185495946650391,0.6692165186648076,0.8315836890287964,#ca4d3f
3,2017,UK,Renewable,0.7820803436718232,0.8436587385407285,0.11396645915290902,0.2181805647957469,#1c8087
3,2017,UK,Nuclear,0.26580305948727545,0.33799266077814705,0.37400146093029674,0.45167828126126475,#edddd4
3,2017,UK,Conventional thermal,0.6185495946650391,0.7258153984842236,0.6788628518850074,0.8337573159095948,#ca4d3f
3,2017,SK,Renewable,0.8436587385407285,0.8482432979955866,0.0914559934046659,0.1978642855007792,#1c8087
3,2017,SK,Nuclear,0.33799266077814705,0.3539379113805587,0.37814903644067654,0.45530105249264236,#edddd4
3,2017,SK,Conventional thermal,0.7258153984842236,0.7291660304128534,0.6730269224263337,0.8411238811501133,#ca4d3f
3,2017,FR,Renewable,0.8482432979955866,0.937913713679405,0.11125154280863493,0.20382975104190584,#1c8087
3,2017,FR,Nuclear,0.3539379113805587,0.7976096972307604,0.379925086478069,0.4549213431759094,#edddd4
3,2017,FR,Conventional thermal,0.7291660304128534,0.7634969559708192,0.6688367888113194,0.8450477331334484,#ca4d3f
3,2017,BG,Renewable,0.937913713679405,0.9446152226570836,0.1056690554124634,0.19738213358715284,#1c8087
3,2017,BG,Nuclear,0.7976096972307604,0.8148539621790121,0.3799721539431511,0.45488727916669713,#edddd4
3,2017,BG,Conventional thermal,0.7634969559708192,0.77443818913882,0.6859891223346009,0.8483100431092649,#ca4d3f
3,2017,BE,Renewable,0.9446152226570836,0.9554147250145711,0.10652783670521927,0.20891012224434502,#1c8087
3,2017,BE,Nuclear,0.8148539621790121,0.8565077409032635,0.3590319256689653,0.44358960589908103,#edddd4
3,2017,BE,Conventional thermal,0.77443818913882,0.7916771857340572,0.6841052962018395,0.8435495380969977,#ca4d3f
3,2017,NL,Renewable,0.9554147250145711,0.9663820579206386,0.11834855370316152,0.2220336911910526,#1c8087
3,2017,NL,Nuclear,0.8565077409032635,0.8604757446227511,0.3754387936328095,0.4479402782860007,#edddd4
3,2017,NL,Conventional thermal,0.7916771857340572,0.8457410963539231,0.684227506899772,0.842081127173537,#ca4d3f
3,2017,PL,Renewable,0.9663820579206386,0.9807100149581608,0.0952055896336247,0.2069999160319189,#1c8087
3,2017,PL,Nuclear,0.8604757446227511,0.8604757446227511,0,0,#edddd4
3,2017,PL,Conventional thermal,0.8457410963539231,0.9230089149809815,0.6887372055276074,0.8444385193825286,#ca4d3f
3,2017,CZ,Renewable,0.9807100149581608,0.9867393819704654,0.09763059494182796,0.19966361413216424,#1c8087
3,2017,CZ,Nuclear,0.8604757446227511,0.8903164517265559,0.38525631332375654,0.4640419063862819,#edddd4
3,2017,CZ,Conventional thermal,0.9230089149809815,0.9497845098085239,0.6883767902832175,0.8432535415224487,#ca4d3f
3,2017,UA,Renewable,0.9867393819704654,0.9978209610988522,0.10965068297218397,0.2057074027414295,#1c8087
3,2017,UA,Nuclear,0.8903164517265559,0.9826474147876753,0.3823778485590447,0.4587082065035911,#edddd4
3,2017,UA,Conventional thermal,0.9497845098085239,0.9835167740980055,0.6891718916610365,0.8297894830102464,#ca4d3f
3,2017,CY,Renewable,0.9978209610988522,0.9981599782608568,0.10639308101211999,0.20567131793603755,#1c8087
3,2017,CY,Nuclear,0.9826474147876753,0.9826474147876753,0,0,#edddd4
3,2017,CY,Conventional thermal,0.9835167740980055,0.9859621969248527,0.6881029204640241,0.8458428240442043,#ca4d3f
3,2017,MT,Renewable,0.9981599782608568,0.9982420317659447,0,0.16612586181071504,#1c8087
3,2017,MT,Nuclear,0.9826474147876753,0.9826474147876753,0,0,#edddd4
3,2017,MT,Conventional thermal,0.9859621969248527,0.9866798559573812,0.7408212969690664,0.9168340990181776,#ca4d3f
3,2017,EE,Renewable,0.9982420317659447,0.9988352473826452,0.09825970232843666,0.2090811404311306,#1c8087
3,2017,EE,Nuclear,0.9826474147876753,0.9826474147876753,0,0,#edddd4
3,2017,EE,Conventional thermal,0.9866798559573812,0.9923771357375883,0.6875684071878132,0.8490992380870133,#ca4d3f
3,2017,HU,Renewable,0.9988352473826452,1,0.10591909233984341,0.20945895321860591,#1c8087
3,2017,HU,Nuclear,0.9826474147876753,1,0.37728434989970455,0.45419833961164624,#edddd4
3,2017,HU,Conventional thermal,0.9923771357375883,1,0.6862131545457687,0.8485182834729244,#ca4d3f
3,2016,AL,Renewable,0,0.00587677194653608,0.19556874445317368,0.3021474749659697,#1f9098
3,2016,AL,Nuclear,0,0,0,0,#f3e8e2
3,2016,AL,Conventional thermal,0,0,0,0,#cf5c4f
3,2016,NO,Renewable,0.00587677194653608,0.1337804686336907,0.20137145020902764,0.3021474749659697,#1f9098
3,2016,NO,Nuclear,0,0,0,0,#f3e8e2
3,2016,NO,Conventional thermal,0,0.0018527415420053703,0.8478348366019979,1,#cf5c4f
3,2016,LU,Renewable,0.1337804686336907,0.1364373303536164,0.19898332952088824,0.3021474749659697,#1f9098
3,2016,LU,Nuclear,0,0,0,0,#f3e8e2
3,2016,LU,Conventional thermal,0.0018527415420053703,0.0021077366437558826,0.8452558541810353,1,#cf5c4f
3,2016,GE,Renewable,0.1364373303536164,0.14470130611252036,0.20411562329496785,0.3021474749659697,#1f9098
3,2016,GE,Nuclear,0,0,0,0,#f3e8e2
3,2016,GE,Conventional thermal,0.0021077366437558826,0.003301675431649803,0.8430467339882449,1,#cf5c4f
3,2016,AT,Renewable,0.14470130611252036,0.19221215429945984,0.21036898586076513,0.3021474749659697,#1f9098
3,2016,AT,Nuclear,0,0,0,0,#f3e8e2
3,2016,AT,Conventional thermal,0.003301675431649803,0.013508419134138076,0.8446520465577891,1,#cf5c4f
3,2016,LT,Renewable,0.19221215429945984,0.1949294960668689,0.20324310938112938,0.3021474749659697,#1f9098
3,2016,LT,Nuclear,0,0,0,0,#f3e8e2
3,2016,LT,Conventional thermal,0.013508419134138076,0.014169664698750988,0.7921339682940771,1,#cf5c4f
3,2016,HR,Renewable,0.1949294960668689,0.20214768594088453,0.2018534894635393,0.3021474749659697,#1f9098
3,2016,HR,Nuclear,0,0,0,0,#f3e8e2
3,2016,HR,Conventional thermal,0.014169664698750988,0.01664028873822547,0.8493336910284806,1,#cf5c4f
3,2016,ME,Renewable,0.20214768594088453,0.20365964355402896,0.1972480576466669,0.3021474749659697,#1f9098
3,2016,ME,Nuclear,0,0,0,0,#f3e8e2
3,2016,ME,Conventional thermal,0.01664028873822547,0.017374666129328437,0.854665468036049,1,#cf5c4f
3,2016,SE,Renewable,0.20365964355402896,0.27269846890058747,0.20361239655766275,0.3021474749659697,#1f9098
3,2016,SE,Nuclear,0,0.07264985209530117,0.45776787815657527,0.5308897714157013,#f3e8e2
3,2016,SE,Conventional thermal,0.017374666129328437,0.025699603035940384,0.84584746684347345,1,#cf5c4f
3,2016,DK,Renewable,0.27269846890058747,0.28546879702617595,0.20905286543196389,0.3021474749659697,#1f9098
3,2016,DK,Nuclear,0.07264985209530117,0.07264985209530117,0,0,#f3e8e2
3,2016,DK,Conventional thermal,0.025699603035940384,0.03387781901101328,0.833292372018805,1,#cf5c4f
3,2016,LV,Renewable,0.28546879702617595,0.28828439279900486,0.21953795303784532,0.3021474749659697,#1f9098
3,2016,LV,Nuclear,0.07264985209530117,0.07264985209530117,0,0,#f3e8e2
3,2016,LV,Conventional thermal,0.03387781901101328,0.035703824164214464,0.8424824377657125,1,#cf5c4f
3,2016,PT,Renewable,0.28828439279900486,0.31272965045840107,0.18959818230551226,0.3021474749659697,#1f9098
3,2016,PT,Nuclear,0.07264985209530117,0.07264985209530117,0,0,#f3e8e2
3,2016,PT,Conventional thermal,0.035703824164214464,0.05375379455440806,0.8604306018581048,1,#cf5c4f
3,2016,RO,Renewable,0.31272965045840107,0.33509564453355484,0.19582540311916197,0.3021474749659697,#1f9098
3,2016,RO,Nuclear,0.07264985209530117,0.08468578463752927,0.4552960024606785,0.5308897714157013,#f3e8e2
3,2016,RO,Conventional thermal,0.05375379455440806,0.06700777502969019,0.8456741475514824,1,#cf5c4f
3,2016,ES,Renewable,0.33509564453355484,0.41873191953471506,0.19358864270155224,0.3021474749659697,#1f9098
3,2016,ES,Nuclear,0.08468578463752927,0.14796442819532446,0.4530753236607335,0.5308897714157013,#f3e8e2
3,2016,ES,Conventional thermal,0.06700777502969019,0.13159168032022517,0.8529389596859039,1,#cf5c4f
3,2016,BA,Renewable,0.41873191953471506,0.4226021342110195,0.17428457342994502,0.3021474749659697,#1f9098
3,2016,BA,Nuclear,0.14796442819532446,0.14796442819532446,0,0,#f3e8e2
3,2016,BA,Conventional thermal,0.13159168032022517,0.13649835129216573,0.8037481234517738,1,#cf5c4f
3,2016,MK,Renewable,0.4226021342110195,0.4240890957788331,0.18392266046086142,0.3021474749659697,#1f9098
3,2016,MK,Nuclear,0.14796442819532446,0.14796442819532446,0,0,#f3e8e2
3,2016,MK,Conventional thermal,0.13649835129216573,0.1384809084917182,0.8547269430848679,1,#cf5c4f
3,2016,RS,Renewable,0.4240890957788331,0.43434038975156664,0.19773373395304072,0.3021474749659697,#1f9098
3,2016,RS,Nuclear,0.14796442819532446,0.14796442819532446,0,0,#f3e8e2
3,2016,RS,Conventional thermal,0.1384809084917182,0.15220544188843274,0.8390893279009519,1,#cf5c4f
3,2016,IT,Renewable,0.43434038975156664,0.5143990772601236,0.20193432756008545,0.30214747496596966,#1f9098
3,2016,IT,Nuclear,0.14796442819532446,0.14796442819532446,0,0,#f3e8e2
3,2016,IT,Conventional thermal,0.15220544188843274,0.2597687055973129,0.8448611177340117,1,#cf5c4f
3,2016,SI,Renewable,0.5143990772601236,0.5188137291419371,0.1973300519631564,0.3021474749659697,#1f9098
3,2016,SI,Nuclear,0.14796442819532446,0.15444487772106671,0.4573318904296917,0.5308897714157013,#f3e8e2
3,2016,SI,Conventional thermal,0.2597687055973129,0.2625525493588474,0.8385401823478091,1,#cf5c4f
3,2016,TR,Renewable,0.5188137291419371,0.596156748412867,0.20254171255170467,0.3021474749659697,#1f9098
3,2016,TR,Nuclear,0.15444487772106671,0.15444487772106671,0,0,#f3e8e2
3,2016,TR,Conventional thermal,0.2625525493588474,0.3690568399342445,0.8564673136279762,1,#cf5c4f
3,2016,EL,Renewable,0.596156748412867,0.6091852193061837,0.20336408475000103,0.3021474749659697,#1f9098
3,2016,EL,Nuclear,0.15444487772106671,0.15444487772106671,0,0,#f3e8e2
3,2016,EL,Conventional thermal,0.3690568399342445,0.38915370777726965,0.8445805609155669,1,#cf5c4f
3,2016,FI,Renewable,0.6091852193061837,0.6259936266443297,0.2030881632684816,0.3021474749659697,#1f9098
3,2016,FI,Nuclear,0.15444487772106671,0.17967179519441404,0.4533712394599332,0.5308897714157013,#f3e8e2
3,2016,FI,Conventional thermal,0.38915370777726965,0.40319687452035863,0.8440590998297504,1,#cf5c4f
3,2016,IE,Renewable,0.6259936266443297,0.6333880614851972,0.21423605761391756,0.3021474749659697,#1f9098
3,2016,IE,Nuclear,0.17967179519441404,0.17967179519441404,0,0,#f3e8e2
3,2016,IE,Conventional thermal,0.40319687452035863,0.41522403237854466,0.8352763301376553,1,#cf5c4f
3,2016,DE,Renewable,0.6333880614851972,0.7820803436718232,0.21394207176443242,0.3021474749659697,#1f9098
3,2016,DE,Nuclear,0.17967179519441404,0.26580305948727545,0.44932738106235004,0.5308897714157013,#f3e8e2
3,2016,DE,Conventional thermal,0.41522403237854466,0.6185495946650391,0.8315836890287964,1,#cf5c4f
3,2016,UK,Renewable,0.7820803436718232,0.8436587385407285,0.2181805647957469,0.3021474749659697,#1f9098
3,2016,UK,Nuclear,0.26580305948727545,0.33799266077814705,0.45167828126126475,0.5308897714157013,#f3e8e2
3,2016,UK,Conventional thermal,0.6185495946650391,0.7258153984842236,0.8337573159095948,1,#cf5c4f
3,2016,SK,Renewable,0.8436587385407285,0.8482432979955866,0.1978642855007792,0.3021474749659697,#1f9098
3,2016,SK,Nuclear,0.33799266077814705,0.3539379113805587,0.45530105249264236,0.5308897714157013,#f3e8e2
3,2016,SK,Conventional thermal,0.7258153984842236,0.7291660304128534,0.8411238811501133,1,#cf5c4f
3,2016,FR,Renewable,0.8482432979955866,0.937913713679405,0.20382975104190584,0.3021474749659697,#1f9098
3,2016,FR,Nuclear,0.3539379113805587,0.7976096972307604,0.4549213431759094,0.5308897714157013,#f3e8e2
3,2016,FR,Conventional thermal,0.7291660304128534,0.7634969559708192,0.8450477331334484,1,#cf5c4f
3,2016,BG,Renewable,0.937913713679405,0.9446152226570836,0.19738213358715284,0.3021474749659697,#1f9098
3,2016,BG,Nuclear,0.7976096972307604,0.8148539621790121,0.45488727916669713,0.5308897714157013,#f3e8e2
3,2016,BG,Conventional thermal,0.7634969559708192,0.77443818913882,0.8483100431092649,1,#cf5c4f
3,2016,BE,Renewable,0.9446152226570836,0.9554147250145711,0.20891012224434502,0.3021474749659697,#1f9098
3,2016,BE,Nuclear,0.8148539621790121,0.8565077409032635,0.44358960589908103,0.5308897714157013,#f3e8e2
3,2016,BE,Conventional thermal,0.77443818913882,0.7916771857340572,0.8435495380969977,1,#cf5c4f
3,2016,NL,Renewable,0.9554147250145711,0.9663820579206386,0.2220336911910526,0.3021474749659697,#1f9098
3,2016,NL,Nuclear,0.8565077409032635,0.8604757446227511,0.4479402782860007,0.5308897714157013,#f3e8e2
3,2016,NL,Conventional thermal,0.7916771857340572,0.8457410963539231,0.842081127173537,1,#cf5c4f
3,2016,PL,Renewable,0.9663820579206386,0.9807100149581608,0.2069999160319189,0.3021474749659697,#1f9098
3,2016,PL,Nuclear,0.8604757446227511,0.8604757446227511,0,0,#f3e8e2
3,2016,PL,Conventional thermal,0.8457410963539231,0.9230089149809815,0.8444385193825286,1,#cf5c4f
3,2016,CZ,Renewable,0.9807100149581608,0.9867393819704654,0.19966361413216424,0.3021474749659697,#1f9098
3,2016,CZ,Nuclear,0.8604757446227511,0.8903164517265559,0.4640419063862819,0.5308897714157013,#f3e8e2
3,2016,CZ,Conventional thermal,0.9230089149809815,0.9497845098085239,0.8432535415224487,0.9999999999999999,#cf5c4f
3,2016,UA,Renewable,0.9867393819704654,0.9978209610988522,0.2057074027414295,0.3021474749659697,#1f9098
3,2016,UA,Nuclear,0.8903164517265559,0.9826474147876753,0.4587082065035911,0.5308897714157013,#f3e8e2
3,2016,UA,Conventional thermal,0.9497845098085239,0.9835167740980055,0.8297894830102464,1,#cf5c4f
3,2016,CY,Renewable,0.9978209610988522,0.9981599782608568,0.20567131793603755,0.3021474749659697,#1f9098
3,2016,CY,Nuclear,0.9826474147876753,0.9826474147876753,0,0,#f3e8e2
3,2016,CY,Conventional thermal,0.9835167740980055,0.9859621969248527,0.8458428240442043,1,#cf5c4f
3,2016,MT,Renewable,0.9981599782608568,0.9982420317659447,0.16612586181071504,0.3021474749659697,#1f9098
3,2016,MT,Nuclear,0.9826474147876753,0.9826474147876753,0,0,#f3e8e2
3,2016,MT,Conventional thermal,0.9859621969248527,0.9866798559573812,0.9168340990181776,1,#cf5c4f
3,2016,EE,Renewable,0.9982420317659447,0.9988352473826452,0.2090811404311306,0.3021474749659697,#1f9098
3,2016,EE,Nuclear,0.9826474147876753,0.9826474147876753,0,0,#f3e8e2
3,2016,EE,Conventional thermal,0.9866798559573812,0.9923771357375883,0.8490992380870133,1,#cf5c4f
3,2016,HU,Renewable,0.9988352473826452,1,0.20945895321860591,0.3021474749659697,#1f9098
3,2016,HU,Nuclear,0.9826474147876753,1,0.45419833961164624,0.5308897714157013,#f3e8e2
3,2016,HU,Conventional thermal,0.9923771357375883,1,0.8485182834729244,1,#cf5c4f
